,time,actual_load_kw,forecast_forecast_1,forecast_forecast_2
0,2021-01-05 00:00:00,1010995.93,,
1,2021-01-05 01:00:00,999565.93,,
2,2021-01-05 02:00:00,986289.43,,
3,2021-01-05 03:00:00,978763.93,,
4,2021-01-05 04:00:00,977353.93,,
5,2021-01-05 05:00:00,982179.93,,
6,2021-01-05 06:00:00,1000016.93,,
7,2021-01-05 07:00:00,1049470.93,,
8,2021-01-05 08:00:00,1125467.93,,
9,2021-01-05 09:00:00,1196084.93,,
10,2021-01-05 10:00:00,1244780.93,,
11,2021-01-05 11:00:00,1263056.93,,
12,2021-01-05 12:00:00,1257817.93,,
13,2021-01-05 13:00:00,1249184.43,,
14,2021-01-05 14:00:00,1255213.43,,
15,2021-01-05 15:00:00,1249447.93,,
16,2021-01-05 16:00:00,1240342.43,,
17,2021-01-05 17:00:00,1208334.93,,
18,2021-01-05 18:00:00,1183798.43,,
19,2021-01-05 19:00:00,1155228.43,,
20,2021-01-05 20:00:00,1122731.43,,
21,2021-01-05 21:00:00,1091387.93,,
22,2021-01-05 22:00:00,1062750.43,,
23,2021-01-05 23:00:00,1034217.43,,
24,2021-01-06 00:00:00,1024347.93,,
25,2021-01-06 01:00:00,1007514.43,,
26,2021-01-06 02:00:00,995317.93,,
27,2021-01-06 03:00:00,982163.93,,
28,2021-01-06 04:00:00,982370.43,,
29,2021-01-06 05:00:00,984935.43,,
30,2021-01-06 06:00:00,1001099.93,,
31,2021-01-06 07:00:00,1048590.43,,
32,2021-01-06 08:00:00,1120843.93,,
33,2021-01-06 09:00:00,1193863.43,,
34,2021-01-06 10:00:00,1237186.43,,
35,2021-01-06 11:00:00,1250035.93,,
36,2021-01-06 12:00:00,1248119.93,,
37,2021-01-06 13:00:00,1238761.43,,
38,2021-01-06 14:00:00,1237580.43,,
39,2021-01-06 15:00:00,1231671.93,,
40,2021-01-06 16:00:00,1232092.43,,
41,2021-01-06 17:00:00,1202130.43,,
42,2021-01-06 18:00:00,1169264.43,,
43,2021-01-06 19:00:00,1136234.93,,
44,2021-01-06 20:00:00,1103714.93,,
45,2021-01-06 21:00:00,1072360.93,,
46,2021-01-06 22:00:00,1045225.43,,
47,2021-01-06 23:00:00,1018488.93,,
48,2021-01-07 00:00:00,1010154.93,,
49,2021-01-07 01:00:00,995485.43,,
50,2021-01-07 02:00:00,985182.43,,
51,2021-01-07 03:00:00,974590.43,,
52,2021-01-07 04:00:00,973475.43,,
53,2021-01-07 05:00:00,976936.93,,
54,2021-01-07 06:00:00,995495.93,,
55,2021-01-07 07:00:00,1040803.43,,
56,2021-01-07 08:00:00,1114050.93,,
57,2021-01-07 09:00:00,1180368.93,,
58,2021-01-07 10:00:00,1223563.93,,
59,2021-01-07 11:00:00,1237342.93,,
60,2021-01-07 12:00:00,1234169.93,,
61,2021-01-07 13:00:00,1229070.43,,
62,2021-01-07 14:00:00,1234270.43,,
63,2021-01-07 15:00:00,1228749.93,,
64,2021-01-07 16:00:00,1212986.93,,
65,2021-01-07 17:00:00,1190692.93,,
66,2021-01-07 18:00:00,1172942.93,,
67,2021-01-07 19:00:00,1145376.43,,
68,2021-01-07 20:00:00,1113430.43,,
69,2021-01-07 21:00:00,1084845.93,,
70,2021-01-07 22:00:00,1057475.43,,
71,2021-01-07 23:00:00,1033167.43,,
72,2021-01-08 00:00:00,1017779.43,,
73,2021-01-08 01:00:00,1002401.43,,
74,2021-01-08 02:00:00,991639.93,,
75,2021-01-08 03:00:00,979116.43,,
76,2021-01-08 04:00:00,978239.93,,
77,2021-01-08 05:00:00,984965.93,,
78,2021-01-08 06:00:00,1000317.93,,
79,2021-01-08 07:00:00,1046517.93,,
80,2021-01-08 08:00:00,1120652.43,,
81,2021-01-08 09:00:00,1193583.43,,
82,2021-01-08 10:00:00,1239418.43,,
83,2021-01-08 11:00:00,1253370.93,,
84,2021-01-08 12:00:00,1247355.43,,
85,2021-01-08 13:00:00,1240623.43,,
86,2021-01-08 14:00:00,1245472.43,,
87,2021-01-08 15:00:00,1243137.43,,
88,2021-01-08 16:00:00,1237505.43,,
89,2021-01-08 17:00:00,1211112.43,,
90,2021-01-08 18:00:00,1181781.93,,
91,2021-01-08 19:00:00,1148607.43,,
92,2021-01-08 20:00:00,1115582.43,,
93,2021-01-08 21:00:00,1086329.43,,
94,2021-01-08 22:00:00,1057486.43,,
95,2021-01-08 23:00:00,1032183.93,,
96,2021-01-09 00:00:00,1015830.43,,
97,2021-01-09 01:00:00,1002000.93,,
98,2021-01-09 02:00:00,989674.43,,
99,2021-01-09 03:00:00,979345.43,,
100,2021-01-09 04:00:00,976454.93,,
101,2021-01-09 05:00:00,983245.43,,
102,2021-01-09 06:00:00,992415.43,,
103,2021-01-09 07:00:00,1018170.43,,
104,2021-01-09 08:00:00,1062748.93,,
105,2021-01-09 09:00:00,1122734.93,,
106,2021-01-09 10:00:00,1164089.93,,
107,2021-01-09 11:00:00,1179515.93,,
108,2021-01-09 12:00:00,1174629.43,,
109,2021-01-09 13:00:00,1164774.93,,
110,2021-01-09 14:00:00,1167429.93,,
111,2021-01-09 15:00:00,1155317.43,,
112,2021-01-09 16:00:00,1143575.93,,
113,2021-01-09 17:00:00,1131365.93,,
114,2021-01-09 18:00:00,1136324.93,,
115,2021-01-09 19:00:00,1120843.93,,
116,2021-01-09 20:00:00,1096751.43,,
117,2021-01-09 21:00:00,1075046.93,,
118,2021-01-09 22:00:00,1051893.93,,
119,2021-01-09 23:00:00,1026149.43,,
120,2021-01-10 00:00:00,1009226.93,,
121,2021-01-10 01:00:00,992914.43,,
122,2021-01-10 02:00:00,985526.93,,
123,2021-01-10 03:00:00,973153.43,,
124,2021-01-10 04:00:00,971006.93,,
125,2021-01-10 05:00:00,975006.93,,
126,2021-01-10 06:00:00,981825.93,,
127,2021-01-10 07:00:00,992407.43,,
128,2021-01-10 08:00:00,1012115.43,,
129,2021-01-10 09:00:00,1037922.43,,
130,2021-01-10 10:00:00,1064079.43,,
131,2021-01-10 11:00:00,1080924.93,,
132,2021-01-10 12:00:00,1083525.43,,
133,2021-01-10 13:00:00,1081202.43,,
134,2021-01-10 14:00:00,1074830.43,,
135,2021-01-10 15:00:00,1066935.43,,
136,2021-01-10 16:00:00,1063931.93,,
137,2021-01-10 17:00:00,1061533.43,,
138,2021-01-10 18:00:00,1074904.93,,
139,2021-01-10 19:00:00,1077349.43,,
140,2021-01-10 20:00:00,1069857.93,,
141,2021-01-10 21:00:00,1055128.93,,
142,2021-01-10 22:00:00,1033437.43,,
143,2021-01-10 23:00:00,1003955.93,,
144,2021-01-11 00:00:00,985897.93,,
145,2021-01-11 01:00:00,973945.43,,
146,2021-01-11 02:00:00,965396.93,,
147,2021-01-11 03:00:00,959493.43,,
148,2021-01-11 04:00:00,960768.43,,
149,2021-01-11 05:00:00,966906.93,,
150,2021-01-11 06:00:00,984912.93,,
151,2021-01-11 07:00:00,1032445.43,,
152,2021-01-11 08:00:00,1107556.93,,
153,2021-01-11 09:00:00,1178206.93,,
154,2021-01-11 10:00:00,1221366.93,,
155,2021-01-11 11:00:00,1235680.43,,
156,2021-01-11 12:00:00,1233538.43,,
157,2021-01-11 13:00:00,1225011.43,,
158,2021-01-11 14:00:00,1229117.43,,
159,2021-01-11 15:00:00,1220187.43,,
160,2021-01-11 16:00:00,1207212.93,,
161,2021-01-11 17:00:00,1186898.43,,
162,2021-01-11 18:00:00,1168117.43,,
163,2021-01-11 19:00:00,1135554.43,,
164,2021-01-11 20:00:00,1107223.43,,
165,2021-01-11 21:00:00,1072541.43,,
166,2021-01-11 22:00:00,1047043.93,,
167,2021-01-11 23:00:00,1016196.43,,
168,2021-01-12 00:00:00,999280.43,,
169,2021-01-12 01:00:00,982161.93,,
170,2021-01-12 02:00:00,974477.43,,
171,2021-01-12 03:00:00,965178.43,,
172,2021-01-12 04:00:00,962938.43,,
173,2021-01-12 05:00:00,965645.93,,
174,2021-01-12 06:00:00,971282.93,,
175,2021-01-12 07:00:00,982798.43,,
176,2021-01-12 08:00:00,1004102.43,,
177,2021-01-12 09:00:00,1017978.43,,
178,2021-01-12 10:00:00,1026308.93,,
179,2021-01-12 11:00:00,1038560.43,,
180,2021-01-12 12:00:00,1038102.93,,
181,2021-01-12 13:00:00,1031521.43,,
182,2021-01-12 14:00:00,1023035.43,,
183,2021-01-12 15:00:00,1018179.43,,
184,2021-01-12 16:00:00,1018550.43,,
185,2021-01-12 17:00:00,1018706.43,,
186,2021-01-12 18:00:00,1035954.93,,
187,2021-01-12 19:00:00,1044688.43,,
188,2021-01-12 20:00:00,1038677.43,,
189,2021-01-12 21:00:00,1027863.93,,
190,2021-01-12 22:00:00,1003091.43,,
191,2021-01-12 23:00:00,977217.93,,
192,2021-01-13 00:00:00,967959.43,,
193,2021-01-13 01:00:00,954230.93,,
194,2021-01-13 02:00:00,947521.43,,
195,2021-01-13 03:00:00,941890.93,,
196,2021-01-13 04:00:00,943491.93,,
197,2021-01-13 05:00:00,951731.43,,
198,2021-01-13 06:00:00,974750.43,,
199,2021-01-13 07:00:00,1026490.93,,
200,2021-01-13 08:00:00,1104322.43,,
201,2021-01-13 09:00:00,1171576.93,,
202,2021-01-13 10:00:00,1217066.43,,
203,2021-01-13 11:00:00,1231456.43,,
204,2021-01-13 12:00:00,1228190.43,,
205,2021-01-13 13:00:00,1220215.93,,
206,2021-01-13 14:00:00,1221143.93,,
207,2021-01-13 15:00:00,1217222.93,,
208,2021-01-13 16:00:00,1209214.43,,
209,2021-01-13 17:00:00,1185377.93,,
210,2021-01-13 18:00:00,1164819.93,,
211,2021-01-13 19:00:00,1134484.93,,
212,2021-01-13 20:00:00,1104779.43,,
213,2021-01-13 21:00:00,1070588.93,,
214,2021-01-13 22:00:00,1039748.43,,
215,2021-01-13 23:00:00,1008777.43,,
216,2021-01-14 00:00:00,991623.93,,
217,2021-01-14 01:00:00,977732.93,,
218,2021-01-14 02:00:00,970104.93,,
219,2021-01-14 03:00:00,960422.43,,
220,2021-01-14 04:00:00,961468.43,,
221,2021-01-14 05:00:00,969012.43,,
222,2021-01-14 06:00:00,985683.43,,
223,2021-01-14 07:00:00,1035948.43,,
224,2021-01-14 08:00:00,1107916.43,,
225,2021-01-14 09:00:00,1173291.93,,
226,2021-01-14 10:00:00,1214238.93,,
227,2021-01-14 11:00:00,1228880.43,,
228,2021-01-14 12:00:00,1226628.93,,
229,2021-01-14 13:00:00,1212248.93,,
230,2021-01-14 14:00:00,1215871.43,,
231,2021-01-14 15:00:00,1218119.93,,
232,2021-01-14 16:00:00,1209177.93,,
233,2021-01-14 17:00:00,1189423.43,,
234,2021-01-14 18:00:00,1167472.93,,
235,2021-01-14 19:00:00,1137035.43,,
236,2021-01-14 20:00:00,1106097.93,,
237,2021-01-14 21:00:00,1076111.93,,
238,2021-01-14 22:00:00,1044110.93,,
239,2021-01-14 23:00:00,1011590.93,,
240,2021-01-15 00:00:00,989585.93,,
241,2021-01-15 01:00:00,976221.43,,
242,2021-01-15 02:00:00,965163.93,,
243,2021-01-15 03:00:00,957355.93,,
244,2021-01-15 04:00:00,961458.43,,
245,2021-01-15 05:00:00,966262.43,,
246,2021-01-15 06:00:00,986107.93,,
247,2021-01-15 07:00:00,1036485.93,,
248,2021-01-15 08:00:00,1105954.43,,
249,2021-01-15 09:00:00,1166901.43,,
250,2021-01-15 10:00:00,1208760.43,,
251,2021-01-15 11:00:00,1222098.93,,
252,2021-01-15 12:00:00,1226399.93,,
253,2021-01-15 13:00:00,1217955.93,,
254,2021-01-15 14:00:00,1227758.43,,
255,2021-01-15 15:00:00,1222916.93,,
256,2021-01-15 16:00:00,1213969.43,,
257,2021-01-15 17:00:00,1193034.93,,
258,2021-01-15 18:00:00,1167738.93,,
259,2021-01-15 19:00:00,1141078.93,,
260,2021-01-15 20:00:00,1108896.43,,
261,2021-01-15 21:00:00,1078978.43,,
262,2021-01-15 22:00:00,1044494.93,,
263,2021-01-15 23:00:00,1010233.93,,
264,2021-01-17 08:00:00,993843.43,,
265,2021-01-17 09:00:00,1022724.93,,
266,2021-01-17 10:00:00,1046057.43,,
267,2021-01-17 11:00:00,1059846.43,,
268,2021-01-17 12:00:00,1062641.93,,
269,2021-01-17 13:00:00,1057551.43,,
270,2021-01-17 14:00:00,1050042.43,,
271,2021-01-17 15:00:00,1043467.43,,
272,2021-01-17 16:00:00,1040293.43,,
273,2021-01-17 17:00:00,1037830.43,,
274,2021-01-17 18:00:00,1050997.93,,
275,2021-01-17 19:00:00,1056883.93,,
276,2021-01-17 20:00:00,1047564.43,,
277,2021-01-17 21:00:00,1032530.93,,
278,2021-01-17 22:00:00,1013138.93,,
279,2021-01-17 23:00:00,987965.93,,
280,2021-01-18 00:00:00,973915.43,,
281,2021-01-18 01:00:00,961728.93,,
282,2021-01-18 02:00:00,954980.43,,
283,2021-01-18 03:00:00,953112.43,,
284,2021-01-18 04:00:00,953025.43,,
285,2021-01-18 05:00:00,960618.43,,
286,2021-01-18 06:00:00,984073.93,,
287,2021-01-18 07:00:00,1035435.43,,
288,2021-01-18 08:00:00,1118445.43,,
289,2021-01-18 09:00:00,1191149.93,,
290,2021-01-18 10:00:00,1239397.93,,
291,2021-01-18 11:00:00,1258138.43,,
292,2021-01-18 12:00:00,1263172.93,,
293,2021-01-18 13:00:00,1250564.43,,
294,2021-01-18 14:00:00,1259008.43,,
295,2021-01-18 15:00:00,1257538.43,,
296,2021-01-18 16:00:00,1244683.93,,
297,2021-01-18 17:00:00,1210587.93,,
298,2021-01-18 18:00:00,1179904.93,,
299,2021-01-18 19:00:00,1143511.43,,
300,2021-01-18 20:00:00,1111501.93,,
301,2021-01-18 21:00:00,1080845.93,,
302,2021-01-18 22:00:00,1050945.43,,
303,2021-01-18 23:00:00,1009403.43,,
304,2021-01-19 00:00:00,1009052.93,,
305,2021-01-19 01:00:00,995232.43,,
306,2021-01-19 02:00:00,984778.93,,
307,2021-01-19 03:00:00,977590.43,,
308,2021-01-19 04:00:00,977562.43,,
309,2021-01-19 05:00:00,987682.93,,
310,2021-01-19 06:00:00,1002447.43,,
311,2021-01-19 07:00:00,1045921.93,,
312,2021-01-19 08:00:00,1123151.43,,1083491.5
313,2021-01-19 09:00:00,1196635.93,,1123562.38
314,2021-01-19 10:00:00,1239865.93,,1154934.0
315,2021-01-19 11:00:00,1250477.93,,1165024.0
316,2021-01-19 12:00:00,1246598.43,,1170286.0
317,2021-01-19 13:00:00,1236429.43,,1161721.63
318,2021-01-19 14:00:00,1242167.43,,1164715.0
319,2021-01-19 15:00:00,1238717.93,,1164715.0
320,2021-01-19 16:00:00,1227064.43,,1158231.0
321,2021-01-19 17:00:00,1208425.43,,1134111.25
322,2021-01-19 18:00:00,1180206.43,,1114495.5
323,2021-01-19 19:00:00,1148609.93,,1096235.38
324,2021-01-19 20:00:00,1114182.93,,1079352.63
325,2021-01-19 21:00:00,1083262.43,,1064601.63
326,2021-01-19 22:00:00,1040727.93,,1029696.69
327,2021-01-19 23:00:00,1007199.43,,997164.5
328,2021-01-20 00:00:00,1006014.43,,990194.25
329,2021-01-20 01:00:00,991381.43,,980187.75
330,2021-01-20 02:00:00,979452.93,,978332.25
331,2021-01-20 03:00:00,972410.43,,976598.75
332,2021-01-20 04:00:00,970908.93,,976598.75
333,2021-01-20 05:00:00,981331.43,,979363.0
334,2021-01-20 06:00:00,999698.93,,989168.63
335,2021-01-20 07:00:00,1047699.93,,1043679.19
336,2021-01-20 08:00:00,1125823.93,1145486.38,1124581.5
337,2021-01-20 09:00:00,1197529.43,1205357.75,1195867.38
338,2021-01-20 10:00:00,1242598.43,1236445.13,1237595.88
339,2021-01-20 11:00:00,1254095.68,1248170.75,1247084.5
340,2021-01-20 12:00:00,1247829.68,1255729.0,1260039.13
341,2021-01-20 13:00:00,1238577.93,1254616.88,1250545.5
342,2021-01-20 14:00:00,1242519.43,1254891.0,1255848.13
343,2021-01-20 15:00:00,1238627.93,1282690.0,1276136.75
344,2021-01-20 16:00:00,1227874.43,1250595.0,1246567.75
345,2021-01-20 17:00:00,1210120.43,1213027.0,1205717.75
346,2021-01-20 18:00:00,1183510.43,1191118.75,1172326.75
347,2021-01-20 19:00:00,1151113.93,1149426.25,1140183.75
348,2021-01-20 20:00:00,1119319.43,1119129.5,1104510.0
349,2021-01-20 21:00:00,1088118.93,1081696.88,1074666.13
350,2021-01-20 22:00:00,1061746.43,1031800.63,1030780.19
351,2021-01-20 23:00:00,1034345.93,1001486.56,1003369.75
352,2021-01-21 00:00:00,1012663.93,985281.19,990735.75
353,2021-01-21 01:00:00,994428.93,983525.06,979743.56
354,2021-01-21 02:00:00,983656.93,977063.63,979743.56
355,2021-01-21 03:00:00,974006.93,974066.44,978278.25
356,2021-01-21 04:00:00,974897.43,965777.06,974244.5
357,2021-01-21 05:00:00,982388.93,985393.19,981895.63
358,2021-01-21 06:00:00,1001582.93,997494.81,994238.38
359,2021-01-21 07:00:00,1054012.43,1049417.63,1040804.13
360,2021-01-21 08:00:00,1129455.93,1158482.88,
361,2021-01-21 09:00:00,1198812.43,1205504.88,
362,2021-01-21 10:00:00,1245237.93,1236592.25,
363,2021-01-21 11:00:00,1255455.93,1234091.38,
364,2021-01-21 12:00:00,1249894.43,1243515.0,
365,2021-01-21 13:00:00,1239950.43,1252318.13,
366,2021-01-21 14:00:00,1244936.93,1239067.75,
367,2021-01-21 15:00:00,1245359.93,1239067.75,
368,2021-01-21 16:00:00,1234888.43,1233230.13,
369,2021-01-21 17:00:00,1208354.43,1207973.38,
370,2021-01-21 18:00:00,1181290.43,1191895.88,
371,2021-01-21 19:00:00,1149980.43,1145736.13,
372,2021-01-21 20:00:00,1112456.43,1100554.88,
373,2021-01-21 21:00:00,1081436.43,1071692.0,
374,2021-01-21 22:00:00,1057375.43,1029639.38,
375,2021-01-21 23:00:00,1035111.93,995845.88,
376,2021-01-22 00:00:00,1017534.43,978111.63,
377,2021-01-22 01:00:00,999767.93,980916.19,
378,2021-01-22 02:00:00,990777.43,969430.25,
379,2021-01-22 03:00:00,981937.43,966856.44,
380,2021-01-22 04:00:00,980741.43,970354.69,
381,2021-01-22 05:00:00,990397.43,984155.75,
382,2021-01-22 06:00:00,1004508.93,1002072.44,
383,2021-01-22 07:00:00,1053957.93,1060955.75,
384,2021-01-22 08:00:00,1124165.43,,
385,2021-01-22 09:00:00,1192566.93,,
386,2021-01-22 10:00:00,1236891.93,,
387,2021-01-22 11:00:00,1255988.93,,
388,2021-01-22 12:00:00,1256840.43,,
389,2021-01-22 13:00:00,1242167.43,,
390,2021-01-22 14:00:00,1236817.43,,
391,2021-01-22 15:00:00,1218726.93,,
392,2021-01-22 16:00:00,1204634.93,,
393,2021-01-22 17:00:00,1179864.93,,
394,2021-01-22 18:00:00,1155214.93,,
395,2021-01-22 19:00:00,1123258.43,,
396,2021-01-22 20:00:00,1098348.93,,
397,2021-01-22 21:00:00,1064503.43,,
398,2021-01-22 22:00:00,1037161.43,,
399,2021-01-22 23:00:00,1011063.43,,
400,2021-01-23 00:00:00,992006.43,,
401,2021-01-23 01:00:00,977087.43,,
402,2021-01-23 02:00:00,967218.43,,
403,2021-01-23 03:00:00,959674.43,,
404,2021-01-23 04:00:00,958660.93,,
405,2021-01-23 05:00:00,966002.43,,
406,2021-01-23 06:00:00,978224.93,,
407,2021-01-23 07:00:00,1004984.93,,
408,2021-01-23 08:00:00,1056854.93,,
409,2021-01-23 09:00:00,1107468.93,,
410,2021-01-23 10:00:00,1152305.43,,
411,2021-01-23 11:00:00,1160229.93,,
412,2021-01-23 12:00:00,1158697.43,,
413,2021-01-23 13:00:00,1155110.93,,
414,2021-01-23 14:00:00,1158042.93,,
415,2021-01-23 15:00:00,1150792.43,,
416,2021-01-23 16:00:00,1146033.93,,
417,2021-01-23 17:00:00,1130120.93,,
418,2021-01-23 18:00:00,1114842.93,,
419,2021-01-23 19:00:00,1106064.43,,
420,2021-01-23 20:00:00,1086320.43,,
421,2021-01-23 21:00:00,1064037.93,,
422,2021-01-23 22:00:00,1040024.93,,
423,2021-01-23 23:00:00,1015290.43,,
424,2021-01-24 00:00:00,1003438.43,,
425,2021-01-24 01:00:00,989788.93,,
426,2021-01-24 02:00:00,977637.43,,
427,2021-01-24 03:00:00,968907.43,,
428,2021-01-24 04:00:00,965731.43,,
429,2021-01-24 05:00:00,967659.93,,
430,2021-01-24 06:00:00,968280.93,,
431,2021-01-24 07:00:00,973148.43,,
432,2021-01-24 08:00:00,992946.93,,
433,2021-01-24 09:00:00,1019824.93,,
434,2021-01-24 10:00:00,1041089.43,,
435,2021-01-24 11:00:00,1053517.93,,
436,2021-01-24 12:00:00,1053177.43,,
437,2021-01-24 13:00:00,1047378.43,,
438,2021-01-24 14:00:00,1045147.93,,
439,2021-01-24 15:00:00,1042732.43,,
440,2021-01-24 16:00:00,1040811.93,,
441,2021-01-24 17:00:00,1038300.43,,
442,2021-01-24 18:00:00,1051251.93,,
443,2021-01-24 19:00:00,1058010.93,,
444,2021-01-24 20:00:00,1044992.43,,
445,2021-01-24 21:00:00,1034028.93,,
446,2021-01-24 22:00:00,1012481.43,,
447,2021-01-24 23:00:00,993471.93,,
448,2021-01-25 00:00:00,977582.43,,
449,2021-01-25 01:00:00,963850.43,,
450,2021-01-25 02:00:00,953950.43,,
451,2021-01-25 03:00:00,949435.43,,
452,2021-01-25 04:00:00,948553.93,,
453,2021-01-25 05:00:00,956566.93,,
454,2021-01-25 06:00:00,976279.93,,
455,2021-01-25 07:00:00,1026962.93,,
456,2021-01-25 08:00:00,1109715.93,,
457,2021-01-25 09:00:00,1198933.43,,
458,2021-01-25 10:00:00,1236697.43,,
459,2021-01-25 11:00:00,1241249.43,,
460,2021-01-25 12:00:00,1236951.43,,
461,2021-01-25 13:00:00,1227512.93,,
462,2021-01-25 14:00:00,1231931.93,,
463,2021-01-25 15:00:00,1229842.43,,
464,2021-01-25 16:00:00,1219212.43,,
465,2021-01-25 17:00:00,1191945.93,,
466,2021-01-25 18:00:00,1165969.43,,
467,2021-01-25 19:00:00,1126124.43,,
468,2021-01-25 20:00:00,1095019.43,,
469,2021-01-25 21:00:00,1062350.93,,
470,2021-01-25 22:00:00,1035842.93,,
471,2021-01-25 23:00:00,1011445.43,,
472,2021-01-26 00:00:00,1007463.93,,
473,2021-01-26 01:00:00,991619.93,,
474,2021-01-26 02:00:00,982097.93,,
475,2021-01-26 03:00:00,972524.93,,
476,2021-01-26 04:00:00,974004.43,,
477,2021-01-26 05:00:00,983433.93,,
478,2021-01-26 06:00:00,998326.43,,
479,2021-01-26 07:00:00,1043699.43,,
936,2021-01-26 08:00:00,,,
937,2021-01-26 09:00:00,,,
938,2021-01-26 10:00:00,,,
939,2021-01-26 11:00:00,,,
940,2021-01-26 12:00:00,,,
941,2021-01-26 13:00:00,,,
942,2021-01-26 14:00:00,,,
943,2021-01-26 15:00:00,,,
944,2021-01-26 16:00:00,,,
945,2021-01-26 17:00:00,,,
946,2021-01-26 18:00:00,,,
947,2021-01-26 19:00:00,,,
948,2021-01-26 20:00:00,,,
949,2021-01-26 21:00:00,,,
950,2021-01-26 22:00:00,,,
951,2021-01-26 23:00:00,,,
952,2021-01-27 00:00:00,,,
953,2021-01-27 01:00:00,,,
954,2021-01-27 02:00:00,,,
955,2021-01-27 03:00:00,,,
956,2021-01-27 04:00:00,,,
957,2021-01-27 05:00:00,,,
958,2021-01-27 06:00:00,,,
959,2021-01-27 07:00:00,,,
480,2021-01-27 08:00:00,1107329.93,,
481,2021-01-27 09:00:00,1178514.93,,
482,2021-01-27 10:00:00,1223218.93,,
483,2021-01-27 11:00:00,1240290.43,,
484,2021-01-27 12:00:00,1239589.43,,
485,2021-01-27 13:00:00,1226463.43,,
486,2021-01-27 14:00:00,1232753.93,,
487,2021-01-27 15:00:00,1230140.93,,
488,2021-01-27 16:00:00,1224256.43,,
489,2021-01-27 17:00:00,1205177.43,,
490,2021-01-27 18:00:00,1177717.93,,
491,2021-01-27 19:00:00,1145922.93,,
492,2021-01-27 20:00:00,1106469.43,,
493,2021-01-27 21:00:00,1075577.43,,
494,2021-01-27 22:00:00,1048418.43,,
495,2021-01-27 23:00:00,1025674.43,,
496,2021-01-28 00:00:00,1000903.43,,
497,2021-01-28 01:00:00,985024.93,,
498,2021-01-28 02:00:00,975231.93,,
499,2021-01-28 03:00:00,963348.93,,
500,2021-01-28 04:00:00,960581.43,,
501,2021-01-28 05:00:00,964204.43,,
502,2021-01-28 06:00:00,983277.93,,
503,2021-01-28 07:00:00,1027584.43,,
504,2021-01-28 08:00:00,1104799.43,,
505,2021-01-28 09:00:00,1175414.93,,
506,2021-01-28 10:00:00,1218636.93,,
507,2021-01-28 11:00:00,1231365.93,,
508,2021-01-28 12:00:00,1226813.43,,
509,2021-01-28 13:00:00,1219078.43,,
510,2021-01-28 14:00:00,1228419.43,,
511,2021-01-28 15:00:00,1224015.43,,
512,2021-01-28 16:00:00,1217012.43,,
513,2021-01-28 17:00:00,1187899.93,,
514,2021-01-28 18:00:00,1158163.43,,
515,2021-01-28 19:00:00,1129527.43,,
516,2021-01-28 20:00:00,1096532.93,,
517,2021-01-28 21:00:00,1067669.93,,
518,2021-01-28 22:00:00,1040533.43,,
519,2021-01-28 23:00:00,1014231.93,,
520,2021-01-29 00:00:00,1013885.43,,
521,2021-01-29 01:00:00,999659.93,,
522,2021-01-29 02:00:00,986766.43,,
523,2021-01-29 03:00:00,979544.93,,
524,2021-01-29 04:00:00,980310.43,,
525,2021-01-29 05:00:00,984988.93,,
526,2021-01-29 06:00:00,1005286.43,,
527,2021-01-29 07:00:00,1050187.43,,
528,2021-01-29 08:00:00,1125730.43,,1130260.5
529,2021-01-29 09:00:00,1195753.43,,1194495.38
530,2021-01-29 10:00:00,1239187.43,,1251187.88
531,2021-01-29 11:00:00,1258515.93,,1251334.63
532,2021-01-29 12:00:00,1261629.93,,1251334.63
533,2021-01-29 13:00:00,1247483.43,,1252127.88
534,2021-01-29 14:00:00,1255069.43,,1243614.38
535,2021-01-29 15:00:00,1253183.43,,1245816.88
536,2021-01-29 16:00:00,1246916.93,,1227112.63
537,2021-01-29 17:00:00,1220813.43,,1197480.38
538,2021-01-29 18:00:00,1194336.93,,1160499.13
539,2021-01-29 19:00:00,1165659.93,,1133797.75
540,2021-01-29 20:00:00,1129619.93,,1090444.13
541,2021-01-29 21:00:00,1095986.93,,1061326.13
542,2021-01-29 22:00:00,1063779.43,,1031726.38
543,2021-01-29 23:00:00,1035869.93,,1013434.88
544,2021-01-30 00:00:00,1022160.43,,992999.0
545,2021-01-30 01:00:00,1005463.93,,979983.44
546,2021-01-30 02:00:00,988940.43,,977636.0
547,2021-01-30 03:00:00,976616.93,,979707.63
548,2021-01-30 04:00:00,976699.43,,973352.94
549,2021-01-30 05:00:00,982729.43,,979595.81
550,2021-01-30 06:00:00,992207.43,,976578.19
551,2021-01-30 07:00:00,1018124.43,,1011285.94
552,2021-01-30 08:00:00,1063698.43,1057775.25,
553,2021-01-30 09:00:00,1128160.43,1109159.63,
554,2021-01-30 10:00:00,1162426.93,1148808.75,
555,2021-01-30 11:00:00,1174914.43,1154114.75,
556,2021-01-30 12:00:00,1173269.43,1154777.38,
557,2021-01-30 13:00:00,1163596.93,1154114.75,
558,2021-01-30 14:00:00,1166472.93,1153529.0,
559,2021-01-30 15:00:00,1163671.93,1140475.88,
560,2021-01-30 16:00:00,1158255.93,1131342.25,
561,2021-01-30 17:00:00,1145098.43,1123346.25,
562,2021-01-30 18:00:00,1148356.43,1108939.38,
563,2021-01-30 19:00:00,1137319.43,1093935.13,
564,2021-01-30 20:00:00,1110247.93,1079251.5,
565,2021-01-30 21:00:00,1083082.43,1061768.63,
566,2021-01-30 22:00:00,1058742.93,1027009.69,
567,2021-01-30 23:00:00,1035641.43,1004654.19,
568,2021-01-31 00:00:00,1011907.93,997337.75,
569,2021-01-31 01:00:00,996324.93,980554.19,
570,2021-01-31 02:00:00,986216.93,970737.63,
571,2021-01-31 03:00:00,977414.93,962003.0,
572,2021-01-31 04:00:00,971778.43,962003.0,
573,2021-01-31 05:00:00,973878.93,960852.69,
574,2021-01-31 06:00:00,979219.93,962511.38,
575,2021-01-31 07:00:00,982489.43,966808.25,
576,2021-01-31 08:00:00,1003437.93,,
577,2021-01-31 09:00:00,1031688.93,,
578,2021-01-31 10:00:00,1062876.43,,
579,2021-01-31 11:00:00,1073938.43,,
580,2021-01-31 12:00:00,1074424.93,,
581,2021-01-31 13:00:00,1068938.93,,
582,2021-01-31 14:00:00,1068203.43,,
583,2021-01-31 15:00:00,1064278.43,,
584,2021-01-31 16:00:00,1057771.43,,
585,2021-01-31 17:00:00,1056542.43,,
586,2021-01-31 18:00:00,1070378.93,,
587,2021-01-31 19:00:00,1076129.93,,
588,2021-01-31 20:00:00,1066564.93,,
589,2021-01-31 21:00:00,1050017.43,,
590,2021-01-31 22:00:00,1031329.93,,
591,2021-01-31 23:00:00,1011960.93,,
592,2021-02-01 00:00:00,991758.93,,
593,2021-02-01 01:00:00,973742.93,,
594,2021-02-01 02:00:00,963206.93,,
595,2021-02-01 03:00:00,957533.43,,
596,2021-02-01 04:00:00,954496.43,,
597,2021-02-01 05:00:00,962025.43,,
598,2021-02-01 06:00:00,984037.93,,
599,2021-02-01 07:00:00,1029162.43,,
600,2021-02-01 08:00:00,1104820.93,,
601,2021-02-01 09:00:00,1181208.93,,
602,2021-02-01 10:00:00,1227823.93,,
603,2021-02-01 11:00:00,1243958.93,,
604,2021-02-01 12:00:00,1240224.93,,
605,2021-02-01 13:00:00,1222226.93,,
606,2021-02-01 14:00:00,1224499.93,,
607,2021-02-01 15:00:00,1219158.93,,
608,2021-02-01 16:00:00,1209804.43,,
609,2021-02-01 17:00:00,1184463.43,,
610,2021-02-01 18:00:00,1161012.43,,
611,2021-02-01 19:00:00,1132817.43,,
612,2021-02-01 20:00:00,1094576.93,,
613,2021-02-01 21:00:00,1068423.93,,
614,2021-02-01 22:00:00,1037262.93,,
615,2021-02-01 23:00:00,1013021.43,,
616,2021-02-02 00:00:00,993157.93,,
617,2021-02-02 01:00:00,979444.93,,
618,2021-02-02 02:00:00,968421.43,,
619,2021-02-02 03:00:00,962367.43,,
620,2021-02-02 04:00:00,961100.43,,
621,2021-02-02 05:00:00,967371.93,,
622,2021-02-02 06:00:00,990460.93,,
623,2021-02-02 07:00:00,1038706.93,,
624,2021-02-02 08:00:00,1116034.93,,
625,2021-02-02 09:00:00,1195707.43,,
626,2021-02-02 10:00:00,1239514.43,,
627,2021-02-02 11:00:00,1252030.93,,
628,2021-02-02 12:00:00,1246794.43,,
629,2021-02-02 13:00:00,1229618.93,,
630,2021-02-02 14:00:00,1230195.93,,
631,2021-02-02 15:00:00,1224062.43,,
632,2021-02-02 16:00:00,1213067.43,,
633,2021-02-02 17:00:00,1191903.43,,
634,2021-02-02 18:00:00,1169370.93,,
635,2021-02-02 19:00:00,1140817.93,,
636,2021-02-02 20:00:00,1108158.43,,
637,2021-02-02 21:00:00,1077085.93,,
638,2021-02-02 22:00:00,1048924.93,,
639,2021-02-02 23:00:00,1023253.43,,
640,2021-02-03 00:00:00,1006206.93,,
641,2021-02-03 01:00:00,990968.93,,
642,2021-02-03 02:00:00,979290.93,,
643,2021-02-03 03:00:00,973770.93,,
644,2021-02-03 04:00:00,973641.93,,
645,2021-02-03 05:00:00,978952.43,,
646,2021-02-03 06:00:00,1002034.93,,
647,2021-02-03 07:00:00,1047764.93,,
648,2021-02-03 08:00:00,1125154.43,1123019.25,1123019.25
649,2021-02-03 09:00:00,1199823.93,1211037.0,1211037.0
650,2021-02-03 10:00:00,1242828.43,1232944.25,1232944.25
651,2021-02-03 11:00:00,1257425.43,1244045.63,1244045.63
652,2021-02-03 12:00:00,1255382.43,1244866.0,1244866.0
653,2021-02-03 13:00:00,1242702.93,1245649.88,1245649.88
654,2021-02-03 14:00:00,1246388.43,1247116.75,1247116.75
655,2021-02-03 15:00:00,1243381.93,1247116.75,1247116.75
656,2021-02-03 16:00:00,1238714.43,1237720.88,1237720.88
657,2021-02-03 17:00:00,1213390.93,1215437.25,1215437.25
658,2021-02-03 18:00:00,1188076.93,1177000.5,1177000.5
659,2021-02-03 19:00:00,1157643.43,1149650.63,1149650.63
660,2021-02-03 20:00:00,1123003.43,1109967.25,1109967.25
661,2021-02-03 21:00:00,1090232.93,1086783.88,1086783.88
662,2021-02-03 22:00:00,1056485.93,1049693.38,1049693.38
663,2021-02-03 23:00:00,1037510.93,1031273.81,1031273.81
664,2021-02-04 00:00:00,1004951.43,1005732.44,1005732.44
665,2021-02-04 01:00:00,989637.93,986044.75,986044.75
666,2021-02-04 02:00:00,979871.93,990391.44,990391.44
667,2021-02-04 03:00:00,971120.93,983436.31,983436.31
668,2021-02-04 04:00:00,973262.93,983771.06,983771.06
669,2021-02-04 05:00:00,982085.93,984801.81,984801.81
670,2021-02-04 06:00:00,999234.43,998641.19,998641.19
671,2021-02-04 07:00:00,1049556.43,1045254.63,1045254.63
672,2021-02-04 08:00:00,1125951.93,1149027.63,1126163.63
673,2021-02-04 09:00:00,1197955.43,1204742.63,1202300.75
674,2021-02-04 10:00:00,1245229.93,1243322.38,1238407.0
675,2021-02-04 11:00:00,1265610.43,1244143.88,1241761.25
676,2021-02-04 12:00:00,1265746.43,1247588.25,1247194.13
677,2021-02-04 13:00:00,1250161.43,1252268.75,1243654.88
678,2021-02-04 14:00:00,1250418.93,1254621.0,1246030.13
679,2021-02-04 15:00:00,1245796.43,1248198.0,1237276.13
680,2021-02-04 16:00:00,1242635.93,1248588.63,1242484.88
681,2021-02-04 17:00:00,1228213.93,1226686.88,1215927.88
682,2021-02-04 18:00:00,1197954.93,1197395.88,1187747.38
683,2021-02-04 19:00:00,1165815.43,1156733.38,1152069.63
684,2021-02-04 20:00:00,1128493.93,1111162.25,1111840.88
685,2021-02-04 21:00:00,1089978.43,1090533.38,1086579.5
686,2021-02-04 22:00:00,1057077.93,1048971.5,1047555.0
687,2021-02-04 23:00:00,1032371.43,1022135.63,1028776.88
688,2021-02-05 00:00:00,1009537.93,1010023.44,1008721.88
689,2021-02-05 01:00:00,994029.93,1003196.75,999105.06
690,2021-02-05 02:00:00,984213.43,993618.13,990692.81
691,2021-02-05 03:00:00,979280.93,983583.31,986835.06
692,2021-02-05 04:00:00,979897.43,983583.31,986835.06
693,2021-02-05 05:00:00,985937.93,982802.19,986621.25
694,2021-02-05 06:00:00,1004688.93,1014090.31,1007041.5
695,2021-02-05 07:00:00,1040245.43,1061991.13,1051724.88
696,2021-02-05 08:00:00,1107051.93,1162407.88,1137323.75
697,2021-02-05 09:00:00,1178000.43,1223451.0,1209211.25
698,2021-02-05 10:00:00,1225819.93,1239693.13,1233763.13
699,2021-02-05 11:00:00,1244762.93,1256012.13,1247559.25
700,2021-02-05 12:00:00,1242445.43,1258765.38,1258560.88
701,2021-02-05 13:00:00,1230219.93,1262877.13,1248081.38
702,2021-02-05 14:00:00,1235487.93,1267153.5,1251270.5
703,2021-02-05 15:00:00,1231953.93,1264848.38,1249021.38
704,2021-02-05 16:00:00,1224109.93,1259197.13,1248833.75
705,2021-02-05 17:00:00,1205087.93,1231215.25,1234366.38
706,2021-02-05 18:00:00,1182571.43,1224513.13,1206722.0
707,2021-02-05 19:00:00,1156836.93,1173222.63,1167535.63
708,2021-02-05 20:00:00,1123510.93,1139514.38,1138814.63
709,2021-02-05 21:00:00,1095426.43,1106704.13,1097307.75
710,2021-02-05 22:00:00,1066034.93,1072709.5,1065219.25
711,2021-02-05 23:00:00,1040010.93,1042303.38,1036931.5
712,2021-02-06 00:00:00,1015695.43,1024097.5,1016259.25
713,2021-02-06 01:00:00,998822.93,1017702.0,1004921.25
714,2021-02-06 02:00:00,990007.43,993865.69,989709.94
715,2021-02-06 03:00:00,981042.43,979442.56,984607.63
716,2021-02-06 04:00:00,981269.93,979442.56,984607.63
717,2021-02-06 05:00:00,986373.43,981541.13,983306.13
718,2021-02-06 06:00:00,994154.93,995875.75,989424.56
719,2021-02-06 07:00:00,1025962.43,1027030.94,1017585.75
720,2021-02-06 08:00:00,1074243.93,1073135.25,1068119.0
721,2021-02-06 09:00:00,1133327.93,1127453.0,1116596.38
722,2021-02-06 10:00:00,1173720.93,1155542.0,1146183.25
723,2021-02-06 11:00:00,1186714.93,1175123.88,1159933.5
724,2021-02-06 12:00:00,1181250.93,1178469.63,1159655.25
725,2021-02-06 13:00:00,1170071.43,1161394.63,1152146.25
726,2021-02-06 14:00:00,1169909.93,1167998.13,1158364.25
727,2021-02-06 15:00:00,1166637.93,1167998.13,1158185.5
728,2021-02-06 16:00:00,1159977.93,1160439.13,1152941.13
729,2021-02-06 17:00:00,1146372.43,1147745.75,1136449.0
730,2021-02-06 18:00:00,1145946.93,1143194.0,1138196.75
731,2021-02-06 19:00:00,1131277.43,1130849.13,1135658.25
732,2021-02-06 20:00:00,1106400.43,1115136.75,1110137.0
733,2021-02-06 21:00:00,1081677.93,1094003.13,1090252.88
734,2021-02-06 22:00:00,1052514.43,1068338.5,1061651.25
735,2021-02-06 23:00:00,1037411.43,1045953.69,1038665.5
736,2021-02-07 00:00:00,1014123.93,1023328.75,1014912.0
737,2021-02-07 01:00:00,997761.93,1006287.44,989578.25
738,2021-02-07 02:00:00,985700.43,995850.56,979841.06
739,2021-02-07 03:00:00,978381.93,984160.75,974738.75
740,2021-02-07 04:00:00,975305.43,984160.75,974738.75
741,2021-02-07 05:00:00,976049.43,988825.5,974361.25
742,2021-02-07 06:00:00,982619.43,984669.13,975398.81
743,2021-02-07 07:00:00,984953.93,984073.25,978667.44
744,2021-02-07 08:00:00,1005803.93,1013040.0,1011650.31
745,2021-02-07 09:00:00,1036214.43,1036246.0,1032271.25
746,2021-02-07 10:00:00,1060952.43,1067031.0,1061275.0
747,2021-02-07 11:00:00,1073723.43,1069055.38,1066880.13
748,2021-02-07 12:00:00,1074266.93,1069706.0,1063433.0
749,2021-02-07 13:00:00,1069491.93,1071236.75,1064571.38
750,2021-02-07 14:00:00,1069147.43,1076802.75,1068678.0
751,2021-02-07 15:00:00,1063563.43,1076802.75,1067593.88
752,2021-02-07 16:00:00,1061133.43,1069098.75,1061079.63
753,2021-02-07 17:00:00,1058402.43,1070347.88,1060925.5
754,2021-02-07 18:00:00,1071247.43,1076802.0,1078672.38
755,2021-02-07 19:00:00,1078909.93,1092320.38,1088573.88
756,2021-02-07 20:00:00,1068707.43,1081042.13,1075553.88
757,2021-02-07 21:00:00,1051071.43,1071037.13,1062011.25
758,2021-02-07 22:00:00,1028825.43,1048387.75,1038408.0
759,2021-02-07 23:00:00,1010726.93,1034515.81,1022832.31
760,2021-02-08 00:00:00,998331.93,1013241.88,1018160.94
761,2021-02-08 01:00:00,982958.43,996440.81,989625.44
762,2021-02-08 02:00:00,973189.93,985748.56,974810.5
763,2021-02-08 03:00:00,967964.43,976615.75,974810.5
764,2021-02-08 04:00:00,970004.93,976615.75,974810.5
765,2021-02-08 05:00:00,975939.43,985034.38,977682.5
766,2021-02-08 06:00:00,996405.93,1001372.0,991048.06
767,2021-02-08 07:00:00,1052644.93,1051295.38,1023133.13
768,2021-02-08 08:00:00,1135514.43,1145887.63,1113590.63
769,2021-02-08 09:00:00,1223325.93,1207784.13,1188193.38
770,2021-02-08 10:00:00,1272589.93,1253028.63,1237766.5
771,2021-02-08 11:00:00,1286127.93,1267618.38,1241469.25
772,2021-02-08 12:00:00,1287783.43,1269732.25,1244972.25
773,2021-02-08 13:00:00,1275920.43,1256305.5,1234187.63
774,2021-02-08 14:00:00,1280522.43,1262666.13,1243829.75
775,2021-02-08 15:00:00,1278005.43,1277438.5,1249592.13
776,2021-02-08 16:00:00,1269449.43,1264783.13,1245168.0
777,2021-02-08 17:00:00,1245874.93,1222762.88,1187630.5
778,2021-02-08 18:00:00,1207930.43,1194215.25,1156162.38
779,2021-02-08 19:00:00,1171123.93,1159804.75,1145473.13
780,2021-02-08 20:00:00,1129748.43,1118691.0,1091995.0
781,2021-02-08 21:00:00,1097611.93,1090026.5,1071733.88
782,2021-02-08 22:00:00,1069376.93,1046484.88,1034256.75
783,2021-02-08 23:00:00,1048369.93,1027336.44,1023776.44
784,2021-02-09 00:00:00,1020237.43,1013448.63,1002077.31
785,2021-02-09 01:00:00,1006195.93,1003796.44,990142.0
786,2021-02-09 02:00:00,994112.93,1000868.19,987836.69
787,2021-02-09 03:00:00,985193.93,981342.63,976369.0
788,2021-02-09 04:00:00,983962.93,981342.63,981216.31
789,2021-02-09 05:00:00,992052.43,990144.44,988867.44
790,2021-02-09 06:00:00,1009951.43,1007245.31,1002338.19
791,2021-02-09 07:00:00,1058131.93,1046608.38,1050500.0
792,2021-02-09 08:00:00,1135406.93,1134620.0,1138946.38
793,2021-02-09 09:00:00,1212687.93,1216095.75,1231044.5
794,2021-02-09 10:00:00,1264232.93,1265341.0,1276273.5
795,2021-02-09 11:00:00,1285231.93,1275726.13,1277593.75
796,2021-02-09 12:00:00,1296137.93,1278608.0,1277593.75
797,2021-02-09 13:00:00,1293916.43,1273759.75,1280418.88
798,2021-02-09 14:00:00,1292850.93,1273759.75,1283335.13
799,2021-02-09 15:00:00,1291621.43,1270795.13,1275464.88
800,2021-02-09 16:00:00,1288462.93,1258844.63,1263477.0
801,2021-02-09 17:00:00,1257478.93,1207008.63,1221499.25
802,2021-02-09 18:00:00,1221799.93,1189995.75,1201562.0
803,2021-02-09 19:00:00,1185320.93,1139771.5,1156010.88
804,2021-02-09 20:00:00,1143840.43,1122807.13,1121076.5
805,2021-02-09 21:00:00,1117291.43,1087177.13,1089930.5
806,2021-02-09 22:00:00,1084274.43,1054173.25,1054519.63
807,2021-02-09 23:00:00,1054815.43,1028495.94,1041413.13
808,2021-02-10 00:00:00,1035693.43,1012373.5,1015834.69
809,2021-02-10 01:00:00,1020272.43,1000319.06,999405.0
810,2021-02-10 02:00:00,1007857.43,993552.75,993100.88
811,2021-02-10 03:00:00,998519.43,992450.63,989516.94
812,2021-02-10 04:00:00,998921.93,992450.63,989516.94
813,2021-02-10 05:00:00,1001548.43,994139.06,990547.69
814,2021-02-10 06:00:00,1018227.43,1021849.69,1012027.31
815,2021-02-10 07:00:00,1069952.93,1072318.88,1053792.38
816,2021-02-10 08:00:00,1151151.43,1173806.25,1141902.5
817,2021-02-10 09:00:00,1219250.43,1224944.63,1208127.5
818,2021-02-10 10:00:00,1288287.93,1262687.0,1254279.38
819,2021-02-10 11:00:00,1308599.43,1274882.13,1264167.0
820,2021-02-10 12:00:00,1304617.93,1288276.5,1289936.75
821,2021-02-10 13:00:00,1286149.93,1280593.63,1284744.25
822,2021-02-10 14:00:00,1295402.43,1288512.38,1283810.25
823,2021-02-10 15:00:00,1292069.93,1283461.75,1286236.75
824,2021-02-10 16:00:00,1285748.93,1263020.88,1272771.38
825,2021-02-10 17:00:00,1259077.43,1248181.13,1240852.0
826,2021-02-10 18:00:00,1216764.93,1217517.63,1207207.13
827,2021-02-10 19:00:00,1178870.43,1179234.38,1176645.63
828,2021-02-10 20:00:00,1140777.93,1145423.13,1136537.13
829,2021-02-10 21:00:00,1114899.43,1103530.13,1097730.88
830,2021-02-10 22:00:00,1085611.93,1074752.0,1068567.5
831,2021-02-10 23:00:00,1065480.43,1039469.19,1041463.56
832,2021-02-11 00:00:00,1034939.43,1019036.75,1020158.0
833,2021-02-11 01:00:00,1020238.43,999392.38,1004938.63
834,2021-02-11 02:00:00,1009430.93,1001960.81,996433.0
835,2021-02-11 03:00:00,999805.93,995043.63,995352.19
836,2021-02-11 04:00:00,997256.43,991862.19,992109.38
837,2021-02-11 05:00:00,1000902.93,998715.06,993140.13
838,2021-02-11 06:00:00,1017254.93,1018296.56,1017942.06
839,2021-02-11 07:00:00,1064753.43,1076087.5,1059414.38
840,2021-02-11 08:00:00,1143771.43,1170204.0,1146796.63
841,2021-02-11 09:00:00,1228988.43,1230996.0,1224228.88
842,2021-02-11 10:00:00,1277612.43,1258331.13,1267386.88
843,2021-02-11 11:00:00,1292200.93,1278071.63,1285428.0
844,2021-02-11 12:00:00,1295953.43,1284700.38,1290434.13
845,2021-02-11 13:00:00,1285201.93,1285293.63,1281159.88
846,2021-02-11 14:00:00,1286284.93,1285293.63,1289180.13
847,2021-02-11 15:00:00,1276822.43,1279136.0,1271095.38
848,2021-02-11 16:00:00,1269148.43,1263278.25,1273678.75
849,2021-02-11 17:00:00,1238363.43,1246116.38,1252360.13
850,2021-02-11 18:00:00,1201108.43,1230646.0,1208791.13
851,2021-02-11 19:00:00,1168052.93,1178562.63,1170967.75
852,2021-02-11 20:00:00,1130367.93,1149599.38,1135770.13
853,2021-02-11 21:00:00,1100914.93,1108423.88,1094238.13
854,2021-02-11 22:00:00,1075527.43,1072345.75,1070218.0
855,2021-02-11 23:00:00,1048474.43,1044336.56,1045853.0
856,2021-02-12 00:00:00,1034669.93,1023145.06,1027550.31
857,2021-02-12 01:00:00,1020234.93,1006699.19,1008895.25
858,2021-02-12 02:00:00,1005990.93,999547.44,996573.38
859,2021-02-12 03:00:00,996321.43,998229.69,993046.88
860,2021-02-12 04:00:00,992772.43,995048.25,989804.06
861,2021-02-12 05:00:00,994222.43,1004605.63,995958.56
862,2021-02-12 06:00:00,1013446.93,1020107.94,1015755.69
863,2021-02-12 07:00:00,1055880.43,1070097.5,1050364.88
864,2021-02-12 08:00:00,1133705.43,1171025.88,1132246.0
865,2021-02-12 09:00:00,1216829.93,1206213.63,1220809.63
866,2021-02-12 10:00:00,1270162.93,1261146.38,1258688.75
867,2021-02-12 11:00:00,1287497.93,1264981.0,1266352.38
868,2021-02-12 12:00:00,1288992.43,1268995.0,1276247.88
869,2021-02-12 13:00:00,1278353.43,1277238.13,1270210.13
870,2021-02-12 14:00:00,1282475.43,1263493.88,1265684.63
871,2021-02-12 15:00:00,1275910.93,1272889.13,1264260.88
872,2021-02-12 16:00:00,1271971.43,1251000.38,1242728.13
873,2021-02-12 17:00:00,1240650.93,1246832.75,1238612.13
874,2021-02-12 18:00:00,1204413.43,1198877.25,1193459.38
875,2021-02-12 19:00:00,1170330.43,1174983.5,1161534.0
876,2021-02-12 20:00:00,1130625.43,1143954.5,1133853.75
877,2021-02-12 21:00:00,1105083.93,1104664.13,1094161.88
878,2021-02-12 22:00:00,1079016.43,1074908.88,1073522.5
879,2021-02-12 23:00:00,1055520.93,1036347.81,1040404.69
880,2021-02-13 00:00:00,1037379.93,1006783.38,1020860.94
881,2021-02-13 01:00:00,1021764.93,1001162.44,1010081.06
882,2021-02-13 02:00:00,1009098.93,996419.13,998055.19
883,2021-02-13 03:00:00,999289.43,987342.31,988940.13
884,2021-02-13 04:00:00,992328.43,987342.31,983050.88
885,2021-02-13 05:00:00,994794.43,994711.56,993900.38
886,2021-02-13 06:00:00,1007316.43,1000729.19,999084.19
887,2021-02-13 07:00:00,1028058.43,1034900.69,1028120.94
888,2021-02-13 08:00:00,1073692.43,1073486.63,1072059.25
889,2021-02-13 09:00:00,1140274.43,1133983.0,1124316.25
890,2021-02-13 10:00:00,1184933.43,1175300.63,1156218.63
891,2021-02-13 11:00:00,1201176.43,1203314.38,1185053.0
892,2021-02-13 12:00:00,1201101.93,1197887.63,1176191.5
893,2021-02-13 13:00:00,1193155.93,1189920.0,1167443.25
894,2021-02-13 14:00:00,1200345.93,1185831.38,1167289.13
895,2021-02-13 15:00:00,1191166.93,1164141.5,1151148.5
896,2021-02-13 16:00:00,1182435.43,1157245.13,1151148.5
897,2021-02-13 17:00:00,1170284.93,1131741.13,1135665.25
898,2021-02-13 18:00:00,1159293.93,1131741.13,1135034.75
899,2021-02-13 19:00:00,1149124.93,1120420.75,1133893.25
900,2021-02-13 20:00:00,1124581.43,1108770.0,1108403.25
901,2021-02-13 21:00:00,1103335.93,1088550.13,1088558.88
902,2021-02-13 22:00:00,1078992.43,1068128.0,1065347.13
903,2021-02-13 23:00:00,1059252.43,1036045.63,1041158.5
904,2021-02-14 00:00:00,1042370.93,1017142.38,1018453.0
905,2021-02-14 01:00:00,1025909.93,998366.25,995950.0
906,2021-02-14 02:00:00,1011845.93,995414.31,988730.44
907,2021-02-14 03:00:00,1001945.43,987925.44,979170.69
908,2021-02-14 04:00:00,995459.93,989478.0,974330.31
909,2021-02-14 05:00:00,997080.93,988327.69,979842.06
910,2021-02-14 06:00:00,997797.93,985303.94,978646.94
911,2021-02-14 07:00:00,998773.93,993210.88,977347.25
912,2021-02-14 08:00:00,1017568.43,1019651.0,
913,2021-02-14 09:00:00,1048310.43,1036019.44,
914,2021-02-14 10:00:00,1078898.43,1061803.63,
915,2021-02-14 11:00:00,1097716.93,1080115.13,
916,2021-02-14 12:00:00,1097348.43,1080115.13,
917,2021-02-14 13:00:00,1099684.43,1083292.0,
918,2021-02-14 14:00:00,1097912.93,1083292.0,
919,2021-02-14 15:00:00,1096751.93,1076271.25,
920,2021-02-14 16:00:00,1096052.93,1068567.25,
921,2021-02-14 17:00:00,1090243.93,1065827.13,
922,2021-02-14 18:00:00,1096193.18,1072779.0,
923,2021-02-14 19:00:00,1097797.93,1089844.0,
924,2021-02-14 20:00:00,1093827.93,1081235.0,
925,2021-02-14 21:00:00,1087203.43,1076983.63,
926,2021-02-14 22:00:00,1069617.93,1051353.88,
927,2021-02-14 23:00:00,1055969.43,1039858.06,
928,2021-02-15 00:00:00,1030281.93,1025625.13,
929,2021-02-15 01:00:00,1012892.43,1008270.25,
930,2021-02-15 02:00:00,1001572.43,1002734.63,
931,2021-02-15 03:00:00,992397.43,998284.25,
932,2021-02-15 04:00:00,990355.93,989679.63,
933,2021-02-15 05:00:00,999710.93,992283.19,
934,2021-02-15 06:00:00,1019839.43,1007490.5,
935,2021-02-15 07:00:00,1067113.43,1073511.88,
960,2021-02-15 08:00:00,,,
961,2021-02-15 09:00:00,,,
962,2021-02-15 10:00:00,,,
963,2021-02-15 11:00:00,,,
964,2021-02-15 12:00:00,,,
965,2021-02-15 13:00:00,,,
966,2021-02-15 14:00:00,,,
967,2021-02-15 15:00:00,,,
968,2021-02-15 16:00:00,,,
969,2021-02-15 17:00:00,,,
970,2021-02-15 18:00:00,,,
971,2021-02-15 19:00:00,,,
972,2021-02-15 20:00:00,,,
973,2021-02-15 21:00:00,,,
974,2021-02-15 22:00:00,,,
975,2021-02-15 23:00:00,,,
976,2021-02-16 00:00:00,,,
977,2021-02-16 01:00:00,,,
978,2021-02-16 02:00:00,,,
979,2021-02-16 03:00:00,,,
980,2021-02-16 04:00:00,,,
981,2021-02-16 05:00:00,,,
982,2021-02-16 06:00:00,,,
983,2021-02-16 07:00:00,,,
984,2021-02-16 08:00:00,,,
985,2021-02-16 09:00:00,,,
986,2021-02-16 10:00:00,,,
987,2021-02-16 11:00:00,,,
988,2021-02-16 12:00:00,,,
989,2021-02-16 13:00:00,,,
990,2021-02-16 14:00:00,,,
991,2021-02-16 15:00:00,,,
992,2021-02-16 16:00:00,,,
993,2021-02-16 17:00:00,,,
994,2021-02-16 18:00:00,,,
995,2021-02-16 19:00:00,,,
996,2021-02-16 20:00:00,,,
997,2021-02-16 21:00:00,,,
998,2021-02-16 22:00:00,,,
999,2021-02-16 23:00:00,,,
1000,2021-02-17 00:00:00,,,
1001,2021-02-17 01:00:00,,,
1002,2021-02-17 02:00:00,,,
1003,2021-02-17 03:00:00,,,
1004,2021-02-17 04:00:00,,,
1005,2021-02-17 05:00:00,,,
1006,2021-02-17 06:00:00,,,
1007,2021-02-17 07:00:00,,,
