Temperature (C) ,Pressure_kpa,Cloud Cover (%),Wind Direction (deg),Wind Speed (kmh),Time,,,,
15.72188622,1011,20,13,12,2020-11-06 00:00:00,,,,
15.72188622,1011,22,14,12,2020-11-06 01:00:00,,,,
15.72188622,1011,24,15,12,2020-11-06 02:00:00,,,,
15.72188622,1010,25,16,11,2020-11-06 03:00:00,,,,
15.72188622,1010,26,17,11,2020-11-06 04:00:00,,,,
15.72188622,1011,26,17,11,2020-11-06 05:00:00,,,,
15.72188622,1011,27,17,10,2020-11-06 06:00:00,,,,
15.72188622,1012,26,53,9,2020-11-06 07:00:00,,,,
15.72188622,1012,26,90,8,2020-11-06 08:00:00,,,,
17.72188622,1013,26,126,7,2020-11-06 09:00:00,,,,
17.72188622,1012,27,193,8,2020-11-06 10:00:00,,,,
19.72188622,1012,27,260,8,2020-11-06 11:00:00,,,,
19.72188622,1012,27,328,9,2020-11-06 12:00:00,,,,
19.72188622,1011,24,324,11,2020-11-06 13:00:00,,,,
19.72188622,1010,21,320,14,2020-11-06 14:00:00,,,,
17.72188622,1010,18,317,16,2020-11-06 15:00:00,,,,
17.72188622,1010,17,322,16,2020-11-06 16:00:00,,,,
17.72188622,1010,16,327,15,2020-11-06 17:00:00,,,,
17.72188622,1010,15,333,14,2020-11-06 18:00:00,,,,
17.72188622,1011,14,300,13,2020-11-06 19:00:00,,,,
17.72188622,1012,13,267,12,2020-11-06 20:00:00,,,,
17.72188622,1012,13,234,11,2020-11-06 21:00:00,,,,
13.72188622,1012,11,164,10,2020-11-06 22:00:00,,,,
9.721886217,1012,10,93,9,2020-11-06 23:00:00,,,,
5.721886217,1012,9,23,9,2020-11-07 00:00:00,,,,
9.721886217,1012,9,26,9,2020-11-07 01:00:00,,,,
13.72188622,1012,8,28,8,2020-11-07 02:00:00,,,,
15.72188622,1011,8,31,8,2020-11-07 03:00:00,,,,
15.72188622,1012,8,27,9,2020-11-07 04:00:00,,,,
15.72188622,1012,8,23,9,2020-11-07 05:00:00,,,,
15.72188622,1012,8,20,9,2020-11-07 06:00:00,,,,
15.72188622,1013,8,56,9,2020-11-07 07:00:00,,,,
15.72188622,1013,8,91,9,2020-11-07 08:00:00,,,,
17.72188622,1014,9,127,9,2020-11-07 09:00:00,,,,
17.72188622,1013,9,198,10,2020-11-07 10:00:00,,,,
19.72188622,1013,9,268,10,2020-11-07 11:00:00,,,,
19.72188622,1013,9,338,11,2020-11-07 12:00:00,,,,
19.72188622,1012,9,334,14,2020-11-07 13:00:00,,,,
19.72188622,1011,9,329,16,2020-11-07 14:00:00,,,,
17.72188622,1011,9,324,19,2020-11-07 15:00:00,,,,
17.72188622,1011,8,327,19,2020-11-07 16:00:00,,,,
15.72188622,1011,8,331,19,2020-11-07 17:00:00,,,,
13.72188622,1011,7,334,19,2020-11-07 18:00:00,,,,
11.72188622,1012,7,337,17,2020-11-07 19:00:00,,,,
9.721886217,1012,6,341,15,2020-11-07 20:00:00,,,,
5.721886217,1013,5,345,14,2020-11-07 21:00:00,,,,
7.721886217,1013,4,234,12,2020-11-07 22:00:00,,,,
9.721886217,1012,2,124,10,2020-11-07 23:00:00,,,,
9.721886217,1012,1,13,8,2020-11-08 00:00:00,,,,
13.72188622,1012,1,21,7,2020-11-08 01:00:00,,,,
15.72188622,1012,2,29,6,2020-11-08 02:00:00,,,,
19.72188622,1012,3,38,5,2020-11-08 03:00:00,,,,
17.72188622,1012,3,44,6,2020-11-08 04:00:00,,,,
17.72188622,1012,4,51,6,2020-11-08 05:00:00,,,,
15.72188622,1012,4,58,7,2020-11-08 06:00:00,,,,
17.72188622,1013,5,91,6,2020-11-08 07:00:00,,,,
17.72188622,1014,5,124,6,2020-11-08 08:00:00,,,,
17.72188622,1014,5,157,5,2020-11-08 09:00:00,,,,
19.72188622,1014,6,215,6,2020-11-08 10:00:00,,,,
19.72188622,1014,6,273,7,2020-11-08 11:00:00,,,,
21.72188622,1013,7,332,8,2020-11-08 12:00:00,,,,
19.72188622,1013,7,323,11,2020-11-08 13:00:00,,,,
19.72188622,1012,7,315,14,2020-11-08 14:00:00,,,,
19.72188622,1012,7,307,17,2020-11-08 15:00:00,,,,
17.72188622,1012,7,313,17,2020-11-08 16:00:00,,,,
15.72188622,1012,7,318,17,2020-11-08 17:00:00,,,,
15.72188622,1012,6,324,17,2020-11-08 18:00:00,,,,
13.72188622,1013,6,292,15,2020-11-08 19:00:00,,,,
11.72188622,1013,6,259,13,2020-11-08 20:00:00,,,,
9.721886217,1014,5,226,11,2020-11-08 21:00:00,,,,
9.721886217,1014,6,159,9,2020-11-08 22:00:00,,,,
9.721886217,1013,7,91,8,2020-11-08 23:00:00,,,,
9.721886217,1013,8,24,6,2020-11-09 00:00:00,,,,
11.72188622,1013,8,60,6,2020-11-09 01:00:00,,,,
13.72188622,1013,8,96,6,2020-11-09 02:00:00,,,,
15.72188622,1012,9,132,6,2020-11-09 03:00:00,,,,
15.72188622,1013,9,173,7,2020-11-09 04:00:00,,,,
15.72188622,1013,10,214,7,2020-11-09 05:00:00,,,,
13.72188622,1013,11,255,8,2020-11-09 06:00:00,,,,
15.72188622,1013,11,217,7,2020-11-09 07:00:00,,,,
15.72188622,1014,11,179,7,2020-11-09 08:00:00,,,,
15.72188622,1014,12,142,6,2020-11-09 09:00:00,,,,
17.72188622,1014,11,201,7,2020-11-09 10:00:00,,,,
17.72188622,1014,11,260,8,2020-11-09 11:00:00,,,,
19.72188622,1013,10,319,9,2020-11-09 12:00:00,,,,
19.72188622,1013,9,314,12,2020-11-09 13:00:00,,,,
17.72188622,1012,9,309,15,2020-11-09 14:00:00,,,,
17.72188622,1011,8,304,19,2020-11-09 15:00:00,,,,
17.72188622,1011,9,306,19,2020-11-09 16:00:00,,,,
15.72188622,1012,11,309,18,2020-11-09 17:00:00,,,,
15.72188622,1012,12,311,18,2020-11-09 18:00:00,,,,
15.72188622,1012,14,279,16,2020-11-09 19:00:00,,,,
15.72188622,1013,15,247,13,2020-11-09 20:00:00,,,,
15.72188622,1013,17,215,10,2020-11-09 21:00:00,,,,
13.72188622,1013,17,223,10,2020-11-09 22:00:00,,,,
13.72188622,1013,18,232,10,2020-11-09 23:00:00,,,,
13.72188622,1013,18,241,9,2020-11-10 00:00:00,,,,
13.72188622,1013,18,166,9,2020-11-10 01:00:00,,,,
13.72188622,1013,17,91,9,2020-11-10 02:00:00,,,,
11.72188622,1012,17,16,9,2020-11-10 03:00:00,,,,
11.72188622,1012,16,21,9,2020-11-10 04:00:00,,,,
11.72188622,1013,16,27,9,2020-11-10 05:00:00,,,,
11.72188622,1013,15,32,9,2020-11-10 06:00:00,,,,
13.72188622,1013,15,45,8,2020-11-10 07:00:00,,,,
13.72188622,1013,15,58,7,2020-11-10 08:00:00,,,,
15.72188622,1014,15,72,6,2020-11-10 09:00:00,,,,
15.72188622,1013,15,99,6,2020-11-10 10:00:00,,,,
17.72188622,1013,15,126,6,2020-11-10 11:00:00,,,,
19.72188622,1012,15,153,6,2020-11-10 12:00:00,,,,
19.72188622,1012,15,195,8,2020-11-10 13:00:00,,,,
19.72188622,1011,15,237,10,2020-11-10 14:00:00,,,,
17.72188622,1010,15,280,12,2020-11-10 15:00:00,,,,
17.72188622,1010,15,288,13,2020-11-10 16:00:00,,,,
15.72188622,1011,14,297,14,2020-11-10 17:00:00,,,,
15.72188622,1011,14,305,14,2020-11-10 18:00:00,,,,
15.72188622,1011,13,282,13,2020-11-10 19:00:00,,,,
15.72188622,1011,12,259,12,2020-11-10 20:00:00,,,,
15.72188622,1012,12,236,10,2020-11-10 21:00:00,,,,
11.72188622,1012,12,165,9,2020-11-10 22:00:00,,,,
9.721886217,1012,12,94,9,2020-11-10 23:00:00,,,,
5.721886217,1012,13,24,8,2020-11-11 00:00:00,,,,
7.721886217,1011,13,29,8,2020-11-11 01:00:00,,,,
11.72188622,1011,14,34,7,2020-11-11 02:00:00,,,,
13.72188622,1011,14,39,7,2020-11-11 03:00:00,,,,
13.72188622,1011,14,38,7,2020-11-11 04:00:00,,,,
13.72188622,1011,13,37,8,2020-11-11 05:00:00,,,,
13.72188622,1012,12,36,8,2020-11-11 06:00:00,,,,
13.72188622,1012,11,45,8,2020-11-11 07:00:00,,,,
13.72188622,1012,10,53,8,2020-11-11 08:00:00,,,,
15.72188622,1013,9,62,8,2020-11-11 09:00:00,,,,
17.72188622,1012,9,90,7,2020-11-11 10:00:00,,,,
17.72188622,1012,9,118,6,2020-11-11 11:00:00,,,,
19.72188622,1012,9,146,5,2020-11-11 12:00:00,,,,
19.72188622,1011,8,193,7,2020-11-11 13:00:00,,,,
19.72188622,1010,8,239,8,2020-11-11 14:00:00,,,,
19.72188622,1010,7,285,10,2020-11-11 15:00:00,,,,
19.72188622,1010,7,298,12,2020-11-11 16:00:00,,,,
17.72188622,1010,7,312,15,2020-11-11 17:00:00,,,,
15.72188622,1010,6,325,17,2020-11-11 18:00:00,,,,
15.72188622,1011,6,299,16,2020-11-11 19:00:00,,,,
13.72188622,1012,5,272,14,2020-11-11 20:00:00,,,,
13.72188622,1012,4,245,13,2020-11-11 21:00:00,,,,
11.72188622,1012,6,181,11,2020-11-11 22:00:00,,,,
11.72188622,1012,7,116,9,2020-11-11 23:00:00,,,,
9.721886217,1012,9,52,7,2020-11-12 00:00:00,,,,
11.72188622,1012,8,45,8,2020-11-12 01:00:00,,,,
13.72188622,1012,7,38,8,2020-11-12 02:00:00,,,,
13.72188622,1011,6,31,9,2020-11-12 03:00:00,,,,
13.72188622,1012,6,31,10,2020-11-12 04:00:00,,,,
13.72188622,1012,5,30,10,2020-11-12 05:00:00,,,,
13.72188622,1012,5,29,11,2020-11-12 06:00:00,,,,
13.72188622,1013,4,38,11,2020-11-12 07:00:00,,,,
13.72188622,1013,4,47,11,2020-11-12 08:00:00,,,,
15.72188622,1014,4,55,11,2020-11-12 09:00:00,,,,
17.72188622,1013,4,87,11,2020-11-12 10:00:00,,,,
19.72188622,1013,3,118,11,2020-11-12 11:00:00,,,,
21.72188622,1012,3,150,10,2020-11-12 12:00:00,,,,
21.72188622,1012,3,212,12,2020-11-12 13:00:00,,,,
21.72188622,1011,3,274,13,2020-11-12 14:00:00,,,,
21.72188622,1011,3,335,15,2020-11-12 15:00:00,,,,
19.72188622,1011,3,300,16,2020-11-12 16:00:00,,,,
17.72188622,1011,3,264,17,2020-11-12 17:00:00,,,,
15.72188622,1012,3,228,18,2020-11-12 18:00:00,,,,
11.72188622,1012,4,160,17,2020-11-12 19:00:00,,,,
9.721886217,1013,4,92,16,2020-11-12 20:00:00,,,,
5.721886217,1013,4,24,15,2020-11-12 21:00:00,,,,
9.721886217,1013,4,35,15,2020-11-12 22:00:00,,,,
11.72188622,1013,3,47,15,2020-11-12 23:00:00,,,,
15.72188622,1013,3,58,16,2020-11-13 00:00:00,,,,
15.72188622,1013,3,58,15,2020-11-13 01:00:00,,,,
15.72188622,1013,3,59,13,2020-11-13 02:00:00,,,,
13.72188622,1013,3,59,12,2020-11-13 03:00:00,,,,
13.72188622,1013,3,59,12,2020-11-13 04:00:00,,,,
13.72188622,1013,4,58,12,2020-11-13 05:00:00,,,,
13.72188622,1014,4,58,12,2020-11-13 06:00:00,,,,
13.72188622,1014,4,57,13,2020-11-13 07:00:00,,,,
13.72188622,1015,5,57,13,2020-11-13 08:00:00,,,,
13.72188622,1015,5,56,14,2020-11-13 09:00:00,,,,
15.72188622,1015,6,89,14,2020-11-13 10:00:00,,,,
17.72188622,1015,6,122,14,2020-11-13 11:00:00,,,,
19.72188622,1014,7,154,14,2020-11-13 12:00:00,,,,
19.72188622,1013,9,181,13,2020-11-13 13:00:00,,,,
19.72188622,1013,12,207,13,2020-11-13 14:00:00,,,,
19.72188622,1012,14,234,13,2020-11-13 15:00:00,,,,
19.72188622,1012,16,164,14,2020-11-13 16:00:00,,,,
19.72188622,1013,18,94,15,2020-11-13 17:00:00,,,,
19.72188622,1013,20,25,15,2020-11-13 18:00:00,,,,
17.72188622,1014,20,38,17,2020-11-13 19:00:00,,,,
17.72188622,1014,19,52,18,2020-11-13 20:00:00,,,,
15.72188622,1015,19,65,20,2020-11-13 21:00:00,,,,
15.72188622,1015,14,65,18,2020-11-13 22:00:00,,,,
15.72188622,1015,10,64,15,2020-11-13 23:00:00,,,,
15.72188622,1015,6,64,13,2020-11-14 00:00:00,,,,
15.72188622,1015,5,61,13,2020-11-14 01:00:00,,,,
13.72188622,1015,4,58,12,2020-11-14 02:00:00,,,,
13.72188622,1015,3,54,12,2020-11-14 03:00:00,,,,
13.72188622,1015,4,57,13,2020-11-14 04:00:00,,,,
11.72188622,1015,5,60,13,2020-11-14 05:00:00,,,,
11.72188622,1015,6,62,14,2020-11-14 06:00:00,,,,
11.72188622,1016,8,65,14,2020-11-14 07:00:00,,,,
11.72188622,1016,9,67,14,2020-11-14 08:00:00,,,,
13.72188622,1016,11,70,14,2020-11-14 09:00:00,,,,
13.72188622,1016,13,64,14,2020-11-14 10:00:00,,,,
15.72188622,1015,16,57,14,2020-11-14 11:00:00,,,,
17.72188622,1015,18,51,14,2020-11-14 12:00:00,,,,
17.72188622,1014,21,79,13,2020-11-14 13:00:00,,,,
17.72188622,1013,23,107,12,2020-11-14 14:00:00,,,,
19.72188622,1012,26,135,11,2020-11-14 15:00:00,,,,
17.72188622,1013,28,175,11,2020-11-14 16:00:00,,,,
17.72188622,1013,29,215,12,2020-11-14 17:00:00,,,,
17.72188622,1013,31,255,12,2020-11-14 18:00:00,,,,
17.72188622,1013,30,192,12,2020-11-14 19:00:00,,,,
17.72188622,1014,29,130,12,2020-11-14 20:00:00,,,,
17.72188622,1014,28,68,12,2020-11-14 21:00:00,,,,
15.72188622,1014,49,80,12,2020-11-14 22:00:00,,,,
15.72188622,1014,70,93,12,2020-11-14 23:00:00,,,,
15.72188622,1014,91,105,12,2020-11-15 00:00:00,,,,
15.72188622,1013,92,102,13,2020-11-15 01:00:00,,,,
13.72188622,1013,92,99,14,2020-11-15 02:00:00,,,,
13.72188622,1013,93,96,14,2020-11-15 03:00:00,,,,
13.72188622,1013,85,92,15,2020-11-15 04:00:00,,,,
13.72188622,1013,77,87,15,2020-11-15 05:00:00,,,,
13.72188622,1013,68,82,15,2020-11-15 06:00:00,,,,
13.72188622,1014,58,84,15,2020-11-15 07:00:00,,,,
15.72188622,1014,48,86,15,2020-11-15 08:00:00,,,,
15.72188622,1015,38,88,15,2020-11-15 09:00:00,,,,
17.72188622,1015,36,112,14,2020-11-15 10:00:00,,,,
17.72188622,1014,34,135,12,2020-11-15 11:00:00,,,,
19.72188622,1014,33,159,11,2020-11-15 12:00:00,,,,
19.72188622,1013,39,197,10,2020-11-15 13:00:00,,,,
19.72188622,1012,46,235,10,2020-11-15 14:00:00,,,,
19.72188622,1012,53,274,10,2020-11-15 15:00:00,,,,
17.72188622,1012,53,283,10,2020-11-15 16:00:00,,,,
17.72188622,1012,53,291,11,2020-11-15 17:00:00,,,,
15.72188622,1013,53,300,11,2020-11-15 18:00:00,,,,
15.72188622,1013,52,308,10,2020-11-15 19:00:00,,,,
15.72188622,1014,52,316,9,2020-11-15 20:00:00,,,,
15.72188622,1014,51,325,9,2020-11-15 21:00:00,,,,
15.72188622,1014,44,293,9,2020-11-15 22:00:00,,,,
15.72188622,1014,37,261,10,2020-11-15 23:00:00,,,,
13.72188622,1014,31,229,11,2020-11-16 00:00:00,,,,
13.72188622,1014,34,157,10,2020-11-16 01:00:00,,,,
13.72188622,1013,37,86,10,2020-11-16 02:00:00,,,,
13.72188622,1013,40,15,9,2020-11-16 03:00:00,,,,
13.72188622,1013,40,22,9,2020-11-16 04:00:00,,,,
13.72188622,1013,39,29,9,2020-11-16 05:00:00,,,,
13.72188622,1013,39,36,9,2020-11-16 06:00:00,,,,
13.72188622,1014,33,37,8,2020-11-16 07:00:00,,,,
15.72188622,1014,28,39,8,2020-11-16 08:00:00,,,,
15.72188622,1015,22,40,7,2020-11-16 09:00:00,,,,
17.72188622,1014,23,68,7,2020-11-16 10:00:00,,,,
19.72188622,1014,23,96,7,2020-11-16 11:00:00,,,,
19.72188622,1014,24,124,7,2020-11-16 12:00:00,,,,
19.72188622,1013,24,187,9,2020-11-16 13:00:00,,,,
19.72188622,1012,25,251,10,2020-11-16 14:00:00,,,,
19.72188622,1012,25,315,12,2020-11-16 15:00:00,,,,
19.72188622,1012,27,321,12,2020-11-16 16:00:00,,,,
19.72188622,1012,29,326,13,2020-11-16 17:00:00,,,,
17.72188622,1013,31,332,13,2020-11-16 18:00:00,,,,
17.72188622,1013,34,300,12,2020-11-16 19:00:00,,,,
17.72188622,1014,37,268,12,2020-11-16 20:00:00,,,,
17.72188622,1014,40,237,11,2020-11-16 21:00:00,,,,
17.72188622,1014,40,165,10,2020-11-16 22:00:00,,,,
17.72188622,1014,39,94,9,2020-11-16 23:00:00,,,,
17.72188622,1015,39,22,8,2020-11-17 00:00:00,,,,
17.72188622,1014,34,25,7,2020-11-17 01:00:00,,,,
15.72188622,1014,29,28,7,2020-11-17 02:00:00,,,,
15.72188622,1013,24,31,6,2020-11-17 03:00:00,,,,
15.72188622,1013,22,30,7,2020-11-17 04:00:00,,,,
15.72188622,1014,20,28,7,2020-11-17 05:00:00,,,,
15.72188622,1014,17,27,8,2020-11-17 06:00:00,,,,
17.72188622,1014,15,31,8,2020-11-17 07:00:00,,,,
17.72188622,1015,12,36,8,2020-11-17 08:00:00,,,,
19.72188622,1015,9,40,8,2020-11-17 09:00:00,,,,
19.72188622,1015,8,74,8,2020-11-17 10:00:00,,,,
21.72188622,1014,7,109,8,2020-11-17 11:00:00,,,,
21.72188622,1014,6,144,8,2020-11-17 12:00:00,,,,
21.72188622,1013,7,201,11,2020-11-17 13:00:00,,,,
21.72188622,1012,9,259,14,2020-11-17 14:00:00,,,,
21.72188622,1012,10,317,17,2020-11-17 15:00:00,,,,
19.72188622,1012,10,321,18,2020-11-17 16:00:00,,,,
19.72188622,1012,10,326,19,2020-11-17 17:00:00,,,,
17.72188622,1012,10,331,21,2020-11-17 18:00:00,,,,
15.72188622,1012,9,300,18,2020-11-17 19:00:00,,,,
15.72188622,1013,9,270,15,2020-11-17 20:00:00,,,,
13.72188622,1014,8,240,13,2020-11-17 21:00:00,,,,
15.72188622,1014,11,238,11,2020-11-17 22:00:00,,,,
15.72188622,1014,14,236,9,2020-11-17 23:00:00,,,,
17.72188622,1014,18,234,7,2020-11-18 00:00:00,,,,
17.72188622,1013,17,173,7,2020-11-18 01:00:00,,,,
15.72188622,1013,16,112,6,2020-11-18 02:00:00,,,,
15.72188622,1013,15,51,6,2020-11-18 03:00:00,,,,
15.72188622,1013,15,66,7,2020-11-18 04:00:00,,,,
15.72188622,1013,14,81,8,2020-11-18 05:00:00,,,,
15.72188622,1013,13,97,8,2020-11-18 06:00:00,,,,
15.72188622,1014,11,98,9,2020-11-18 07:00:00,,,,
17.72188622,1014,9,99,9,2020-11-18 08:00:00,,,,
17.72188622,1015,7,99,10,2020-11-18 09:00:00,,,,
19.72188622,1014,6,124,10,2020-11-18 10:00:00,,,,
21.72188622,1014,5,149,9,2020-11-18 11:00:00,,,,
21.72188622,1013,4,174,9,2020-11-18 12:00:00,,,,
21.72188622,1012,5,210,11,2020-11-18 13:00:00,,,,
21.72188622,1012,5,245,12,2020-11-18 14:00:00,,,,
21.72188622,1011,6,280,14,2020-11-18 15:00:00,,,,
19.72188622,1011,5,289,14,2020-11-18 16:00:00,,,,
17.72188622,1011,5,297,15,2020-11-18 17:00:00,,,,
15.72188622,1011,5,306,15,2020-11-18 18:00:00,,,,
11.72188622,1011,4,318,13,2020-11-18 19:00:00,,,,
9.721886217,1012,4,331,11,2020-11-18 20:00:00,,,,
5.721886217,1012,3,343,9,2020-11-18 21:00:00,,,,
7.721886217,1012,3,315,8,2020-11-18 22:00:00,,,,
9.721886217,1012,2,286,8,2020-11-18 23:00:00,,,,
11.72188622,1012,2,257,8,2020-11-19 00:00:00,,,,
13.72188622,1012,1,200,7,2020-11-19 01:00:00,,,,
17.72188622,1011,1,143,7,2020-11-19 02:00:00,,,,
21.72188622,1011,0,85,7,2020-11-19 03:00:00,,,,
19.72188622,1011,0,91,8,2020-11-19 04:00:00,,,,
19.72188622,1012,0,97,8,2020-11-19 05:00:00,,,,
17.72188622,1012,0,103,9,2020-11-19 06:00:00,,,,
19.72188622,1012,0,101,8,2020-11-19 07:00:00,,,,
19.72188622,1013,0,99,8,2020-11-19 08:00:00,,,,
19.72188622,1014,0,97,8,2020-11-19 09:00:00,,,,
21.72188622,1013,0,118,7,2020-11-19 10:00:00,,,,
23.72188622,1013,0,138,6,2020-11-19 11:00:00,,,,
25.72188622,1013,0,159,6,2020-11-19 12:00:00,,,,
25.72188622,1012,0,200,7,2020-11-19 13:00:00,,,,
25.72188622,1011,0,241,8,2020-11-19 14:00:00,,,,
25.72188622,1010,0,282,9,2020-11-19 15:00:00,,,,
23.72188622,1011,0,294,11,2020-11-19 16:00:00,,,,
21.72188622,1011,0,306,13,2020-11-19 17:00:00,,,,
21.72188622,1011,1,318,14,2020-11-19 18:00:00,,,,
19.72188622,1011,1,293,13,2020-11-19 19:00:00,,,,
17.72188622,1012,1,268,12,2020-11-19 20:00:00,,,,
17.72188622,1012,1,243,11,2020-11-19 21:00:00,,,,
15.72188622,1012,1,178,9,2020-11-19 22:00:00,,,,
13.72188622,1012,1,113,8,2020-11-19 23:00:00,,,,
11.72188622,1012,1,49,6,2020-11-20 00:00:00,,,,
13.72188622,1011,1,51,6,2020-11-20 01:00:00,,,,
17.72188622,1011,0,53,6,2020-11-20 02:00:00,,,,
19.72188622,1010,0,56,6,2020-11-20 03:00:00,,,,
19.72188622,1011,0,57,7,2020-11-20 04:00:00,,,,
17.72188622,1011,0,58,8,2020-11-20 05:00:00,,,,
17.72188622,1011,0,59,8,2020-11-20 06:00:00,,,,
17.72188622,1012,0,66,9,2020-11-20 07:00:00,,,,
17.72188622,1012,0,73,9,2020-11-20 08:00:00,,,,
19.72188622,1013,0,80,9,2020-11-20 09:00:00,,,,
19.72188622,1012,0,108,9,2020-11-20 10:00:00,,,,
21.72188622,1012,0,136,9,2020-11-20 11:00:00,,,,
23.72188622,1011,0,163,8,2020-11-20 12:00:00,,,,
25.72188622,1011,0,209,9,2020-11-20 13:00:00,,,,
25.72188622,1010,0,255,9,2020-11-20 14:00:00,,,,
25.72188622,1009,0,301,9,2020-11-20 15:00:00,,,,
25.72188622,1009,0,308,11,2020-11-20 16:00:00,,,,
23.72188622,1010,0,315,12,2020-11-20 17:00:00,,,,
21.72188622,1010,0,323,14,2020-11-20 18:00:00,,,,
19.72188622,1010,0,295,13,2020-11-20 19:00:00,,,,
19.72188622,1011,0,267,12,2020-11-20 20:00:00,,,,
17.72188622,1011,0,239,11,2020-11-20 21:00:00,,,,
15.72188622,1011,0,177,9,2020-11-20 22:00:00,,,,
15.72188622,1011,0,115,8,2020-11-20 23:00:00,,,,
13.72188622,1012,0,53,6,2020-11-21 00:00:00,,,,
15.72188622,1011,0,60,6,2020-11-21 01:00:00,,,,
17.72188622,1011,0,66,7,2020-11-21 02:00:00,,,,
19.72188622,1010,0,73,7,2020-11-21 03:00:00,,,,
19.72188622,1011,0,70,8,2020-11-21 04:00:00,,,,
17.72188622,1011,0,67,8,2020-11-21 05:00:00,,,,
17.72188622,1011,0,64,9,2020-11-21 06:00:00,,,,
17.72188622,1012,0,64,9,2020-11-21 07:00:00,,,,
17.72188622,1012,0,65,9,2020-11-21 08:00:00,,,,
17.72188622,1013,0,65,9,2020-11-21 09:00:00,,,,
19.72188622,1012,0,95,9,2020-11-21 10:00:00,,,,
21.72188622,1012,0,125,8,2020-11-21 11:00:00,,,,
25.72188622,1011,0,154,7,2020-11-21 12:00:00,,,,
25.72188622,1011,0,204,8,2020-11-21 13:00:00,,,,
25.72188622,1010,0,254,8,2020-11-21 14:00:00,,,,
27.72188622,1009,0,304,9,2020-11-21 15:00:00,,,,
25.72188622,1009,0,310,10,2020-11-21 16:00:00,,,,
23.72188622,1010,0,316,12,2020-11-21 17:00:00,,,,
21.72188622,1010,0,323,13,2020-11-21 18:00:00,,,,
21.72188622,1010,0,296,12,2020-11-21 19:00:00,,,,
19.72188622,1011,0,270,12,2020-11-21 20:00:00,,,,
17.72188622,1012,0,244,11,2020-11-21 21:00:00,,,,
17.72188622,1012,0,179,11,2020-11-21 22:00:00,,,,
19.72188622,1012,0,113,10,2020-11-21 23:00:00,,,,
19.72188622,1012,0,48,10,2020-11-22 00:00:00,,,,
19.72188622,1012,0,56,10,2020-11-22 01:00:00,,,,
17.72188622,1012,0,64,10,2020-11-22 02:00:00,,,,
17.72188622,1012,0,72,10,2020-11-22 03:00:00,,,,
17.72188622,1012,0,75,10,2020-11-22 04:00:00,,,,
15.72188622,1012,0,79,11,2020-11-22 05:00:00,,,,
15.72188622,1013,0,83,11,2020-11-22 06:00:00,,,,
15.72188622,1013,0,83,12,2020-11-22 07:00:00,,,,
15.72188622,1014,0,84,12,2020-11-22 08:00:00,,,,
17.72188622,1015,0,85,13,2020-11-22 09:00:00,,,,
19.72188622,1014,0,83,12,2020-11-22 10:00:00,,,,
21.72188622,1014,0,81,12,2020-11-22 11:00:00,,,,
23.72188622,1013,0,80,11,2020-11-22 12:00:00,,,,
25.72188622,1013,0,101,10,2020-11-22 13:00:00,,,,
27.72188622,1012,0,122,9,2020-11-22 14:00:00,,,,
27.72188622,1011,0,143,8,2020-11-22 15:00:00,,,,
25.72188622,1011,0,208,10,2020-11-22 16:00:00,,,,
23.72188622,1011,0,273,13,2020-11-22 17:00:00,,,,
21.72188622,1012,0,337,15,2020-11-22 18:00:00,,,,
19.72188622,1012,0,310,15,2020-11-22 19:00:00,,,,
15.72188622,1013,0,282,15,2020-11-22 20:00:00,,,,
13.72188622,1013,0,254,15,2020-11-22 21:00:00,,,,
13.72188622,1014,0,182,12,2020-11-22 22:00:00,,,,
13.72188622,1014,0,110,10,2020-11-22 23:00:00,,,,
11.72188622,1014,0,37,8,2020-11-23 00:00:00,,,,
13.72188622,1014,0,47,9,2020-11-23 01:00:00,,,,
15.72188622,1013,0,57,9,2020-11-23 02:00:00,,,,
17.72188622,1013,0,67,10,2020-11-23 03:00:00,,,,
15.72188622,1013,0,69,11,2020-11-23 04:00:00,,,,
15.72188622,1014,0,72,12,2020-11-23 05:00:00,,,,
13.72188622,1014,0,74,13,2020-11-23 06:00:00,,,,
15.72188622,1015,0,78,13,2020-11-23 07:00:00,,,,
15.72188622,1015,0,82,13,2020-11-23 08:00:00,,,,
15.72188622,1016,0,86,13,2020-11-23 09:00:00,,,,
19.72188622,1015,0,115,12,2020-11-23 10:00:00,,,,
21.72188622,1015,0,143,11,2020-11-23 11:00:00,,,,
23.72188622,1015,0,172,10,2020-11-23 12:00:00,,,,
25.72188622,1014,0,225,9,2020-11-23 13:00:00,,,,
25.72188622,1014,0,279,8,2020-11-23 14:00:00,,,,
27.72188622,1013,0,332,7,2020-11-23 15:00:00,,,,
25.72188622,1013,0,334,10,2020-11-23 16:00:00,,,,
23.72188622,1013,0,335,12,2020-11-23 17:00:00,,,,
21.72188622,1013,0,337,15,2020-11-23 18:00:00,,,,
19.72188622,1014,0,315,14,2020-11-23 19:00:00,,,,
19.72188622,1014,0,292,12,2020-11-23 20:00:00,,,,
17.72188622,1015,0,270,11,2020-11-23 21:00:00,,,,
15.72188622,1015,0,205,10,2020-11-23 22:00:00,,,,
13.72188622,1015,0,140,9,2020-11-23 23:00:00,,,,
11.72188622,1015,0,75,8,2020-11-24 00:00:00,,,,
13.72188622,1014,0,75,9,2020-11-24 01:00:00,,,,
15.72188622,1014,0,74,10,2020-11-24 02:00:00,,,,
17.72188622,1013,0,74,11,2020-11-24 03:00:00,,,,
15.72188622,1014,0,75,12,2020-11-24 04:00:00,,,,
15.72188622,1014,0,77,12,2020-11-24 05:00:00,,,,
15.72188622,1014,0,79,13,2020-11-24 06:00:00,,,,
15.72188622,1015,0,82,13,2020-11-24 07:00:00,,,,
15.72188622,1015,0,85,14,2020-11-24 08:00:00,,,,
15.72188622,1016,0,88,14,2020-11-24 09:00:00,,,,
19.72188622,1015,0,118,13,2020-11-24 10:00:00,,,,
21.72188622,1015,0,148,12,2020-11-24 11:00:00,,,,
23.72188622,1015,0,178,10,2020-11-24 12:00:00,,,,
25.72188622,1014,0,233,10,2020-11-24 13:00:00,,,,
25.72188622,1013,0,289,9,2020-11-24 14:00:00,,,,
27.72188622,1013,0,345,9,2020-11-24 15:00:00,,,,
25.72188622,1013,0,343,12,2020-11-24 16:00:00,,,,
21.72188622,1013,0,340,15,2020-11-24 17:00:00,,,,
19.72188622,1013,0,338,17,2020-11-24 18:00:00,,,,
17.72188622,1013,0,307,16,2020-11-24 19:00:00,,,,
17.72188622,1014,0,277,14,2020-11-24 20:00:00,,,,
15.72188622,1014,0,246,13,2020-11-24 21:00:00,,,,
13.72188622,1014,0,178,11,2020-11-24 22:00:00,,,,
11.72188622,1014,0,110,9,2020-11-24 23:00:00,,,,
11.72188622,1014,0,42,8,2020-11-25 00:00:00,,,,
13.72188622,1014,1,47,8,2020-11-25 01:00:00,,,,
15.72188622,1013,1,51,9,2020-11-25 02:00:00,,,,
17.72188622,1013,2,56,10,2020-11-25 03:00:00,,,,
15.72188622,1013,4,62,10,2020-11-25 04:00:00,,,,
13.72188622,1013,5,69,11,2020-11-25 05:00:00,,,,
11.72188622,1014,7,75,11,2020-11-25 06:00:00,,,,
13.72188622,1014,7,80,11,2020-11-25 07:00:00,,,,
13.72188622,1014,6,86,11,2020-11-25 08:00:00,,,,
15.72188622,1014,6,91,10,2020-11-25 09:00:00,,,,
17.72188622,1014,5,114,9,2020-11-25 10:00:00,,,,
19.72188622,1013,4,136,9,2020-11-25 11:00:00,,,,
23.72188622,1013,3,159,8,2020-11-25 12:00:00,,,,
23.72188622,1012,2,207,9,2020-11-25 13:00:00,,,,
23.72188622,1011,2,256,10,2020-11-25 14:00:00,,,,
25.72188622,1011,2,304,11,2020-11-25 15:00:00,,,,
23.72188622,1011,3,309,13,2020-11-25 16:00:00,,,,
21.72188622,1011,4,315,14,2020-11-25 17:00:00,,,,
17.72188622,1011,5,320,16,2020-11-25 18:00:00,,,,
17.72188622,1011,5,292,15,2020-11-25 19:00:00,,,,
15.72188622,1012,6,264,14,2020-11-25 20:00:00,,,,
13.72188622,1012,6,236,12,2020-11-25 21:00:00,,,,
15.72188622,1012,10,166,11,2020-11-25 22:00:00,,,,
15.72188622,1012,15,96,9,2020-11-25 23:00:00,,,,
17.72188622,1011,20,26,8,2020-11-26 00:00:00,,,,
15.72188622,1011,22,26,8,2020-11-26 01:00:00,,,,
15.72188622,1011,24,26,8,2020-11-26 02:00:00,,,,
15.72188622,1011,27,26,9,2020-11-26 03:00:00,,,,
15.72188622,1011,27,34,9,2020-11-26 04:00:00,,,,
15.72188622,1011,27,43,9,2020-11-26 05:00:00,,,,
15.72188622,1011,27,52,10,2020-11-26 06:00:00,,,,
15.72188622,1012,25,62,10,2020-11-26 07:00:00,,,,
15.72188622,1012,23,73,9,2020-11-26 08:00:00,,,,
17.72188622,1013,21,83,9,2020-11-26 09:00:00,,,,
17.72188622,1013,23,112,9,2020-11-26 10:00:00,,,,
19.72188622,1012,24,142,10,2020-11-26 11:00:00,,,,
19.72188622,1012,26,171,10,2020-11-26 12:00:00,,,,
19.72188622,1012,29,197,11,2020-11-26 13:00:00,,,,
19.72188622,1011,32,224,12,2020-11-26 14:00:00,,,,
19.72188622,1010,34,250,13,2020-11-26 15:00:00,,,,
17.72188622,1010,38,253,12,2020-11-26 16:00:00,,,,
17.72188622,1011,42,257,11,2020-11-26 17:00:00,,,,
17.72188622,1011,46,260,10,2020-11-26 18:00:00,,,,
15.72188622,1011,46,239,8,2020-11-26 19:00:00,,,,
15.72188622,1012,46,217,6,2020-11-26 20:00:00,,,,
15.72188622,1012,46,195,4,2020-11-26 21:00:00,,,,
15.72188622,1012,54,189,3,2020-11-26 22:00:00,,,,
15.72188622,1012,61,182,3,2020-11-26 23:00:00,,,,
15.72188622,1012,69,175,3,2020-11-27 00:00:00,,,,
15.72188622,1012,74,189,3,2020-11-27 01:00:00,,,,
15.72188622,1011,80,202,3,2020-11-27 02:00:00,,,,
15.72188622,1011,85,215,3,2020-11-27 03:00:00,,,,
15.72188622,1012,76,153,4,2020-11-27 04:00:00,,,,
15.72188622,1012,68,91,6,2020-11-27 05:00:00,,,,
15.72188622,1012,59,30,7,2020-11-27 06:00:00,,,,
15.72188622,1013,53,24,8,2020-11-27 07:00:00,,,,
15.72188622,1013,46,18,9,2020-11-27 08:00:00,,,,
15.72188622,1014,40,13,10,2020-11-27 09:00:00,,,,
15.72188622,1013,39,46,12,2020-11-27 10:00:00,,,,
17.72188622,1013,37,79,13,2020-11-27 11:00:00,,,,
17.72188622,1013,36,112,14,2020-11-27 12:00:00,,,,
17.72188622,1012,39,186,15,2020-11-27 13:00:00,,,,
17.72188622,1011,43,261,16,2020-11-27 14:00:00,,,,
17.72188622,1011,46,335,17,2020-11-27 15:00:00,,,,
15.72188622,1011,49,340,17,2020-11-27 16:00:00,,,,
15.72188622,1011,53,344,18,2020-11-27 17:00:00,,,,
15.72188622,1012,57,349,18,2020-11-27 18:00:00,,,,
13.72188622,1012,62,315,16,2020-11-27 19:00:00,,,,
13.72188622,1012,66,282,14,2020-11-27 20:00:00,,,,
13.72188622,1013,71,248,12,2020-11-27 21:00:00,,,,
13.72188622,1013,70,175,12,2020-11-27 22:00:00,,,,
11.72188622,1013,69,103,12,2020-11-27 23:00:00,,,,
11.72188622,1013,68,30,12,2020-11-28 00:00:00,,,,
11.72188622,1012,70,30,12,2020-11-28 01:00:00,,,,
11.72188622,1012,73,30,12,2020-11-28 02:00:00,,,,
11.72188622,1012,76,30,12,2020-11-28 03:00:00,,,,
9.721886217,1012,78,28,13,2020-11-28 04:00:00,,,,
9.721886217,1012,79,27,14,2020-11-28 05:00:00,,,,
9.721886217,1012,81,26,15,2020-11-28 06:00:00,,,,
9.721886217,1013,80,29,16,2020-11-28 07:00:00,,,,
9.721886217,1013,79,32,16,2020-11-28 08:00:00,,,,
11.72188622,1014,78,36,16,2020-11-28 09:00:00,,,,
11.72188622,1013,82,34,16,2020-11-28 10:00:00,,,,
11.72188622,1013,86,32,16,2020-11-28 11:00:00,,,,
13.72188622,1013,90,30,16,2020-11-28 12:00:00,,,,
13.72188622,1012,88,28,16,2020-11-28 13:00:00,,,,
13.72188622,1011,86,26,15,2020-11-28 14:00:00,,,,
13.72188622,1011,84,24,15,2020-11-28 15:00:00,,,,
13.72188622,1011,77,24,15,2020-11-28 16:00:00,,,,
13.72188622,1011,70,23,15,2020-11-28 17:00:00,,,,
11.72188622,1011,64,23,14,2020-11-28 18:00:00,,,,
11.72188622,1011,56,22,14,2020-11-28 19:00:00,,,,
11.72188622,1012,49,21,14,2020-11-28 20:00:00,,,,
11.72188622,1012,42,20,14,2020-11-28 21:00:00,,,,
11.72188622,1012,50,34,13,2020-11-28 22:00:00,,,,
9.721886217,1012,59,48,12,2020-11-28 23:00:00,,,,
9.721886217,1012,67,63,11,2020-11-29 00:00:00,,,,
9.721886217,1012,70,53,10,2020-11-29 01:00:00,,,,
9.721886217,1012,73,44,10,2020-11-29 02:00:00,,,,
9.721886217,1011,76,35,9,2020-11-29 03:00:00,,,,
9.721886217,1011,79,35,10,2020-11-29 04:00:00,,,,
9.721886217,1011,82,34,10,2020-11-29 05:00:00,,,,
9.721886217,1012,85,34,11,2020-11-29 06:00:00,,,,
9.721886217,1012,84,36,11,2020-11-29 07:00:00,,,,
9.721886217,1013,83,38,11,2020-11-29 08:00:00,,,,
9.721886217,1013,82,40,11,2020-11-29 09:00:00,,,,
11.72188622,1013,83,75,10,2020-11-29 10:00:00,,,,
11.72188622,1013,85,110,9,2020-11-29 11:00:00,,,,
11.72188622,1012,86,145,9,2020-11-29 12:00:00,,,,
11.72188622,1011,91,212,9,2020-11-29 13:00:00,,,,
11.72188622,1011,95,280,10,2020-11-29 14:00:00,,,,
11.72188622,1010,100,348,10,2020-11-29 15:00:00,,,,
11.72188622,1010,100,313,12,2020-11-29 16:00:00,,,,
11.72188622,1010,100,278,13,2020-11-29 17:00:00,,,,
9.721886217,1010,100,243,14,2020-11-29 18:00:00,,,,
9.721886217,1011,96,174,13,2020-11-29 19:00:00,,,,
7.721886217,1011,91,104,11,2020-11-29 20:00:00,,,,
5.721886217,1011,87,35,9,2020-11-29 21:00:00,,,,
3.721886217,1011,90,40,8,2020-11-29 22:00:00,,,,
1.721886217,1011,93,45,8,2020-11-29 23:00:00,,,,
-2.278113783,1011,96,50,7,2020-11-30 00:00:00,,,,
3.721886217,1010,93,50,7,2020-11-30 01:00:00,,,,
7.721886217,1010,91,51,7,2020-11-30 02:00:00,,,,
11.72188622,1010,89,52,6,2020-11-30 03:00:00,,,,
11.72188622,1010,86,57,6,2020-11-30 04:00:00,,,,
11.72188622,1010,82,63,6,2020-11-30 05:00:00,,,,
11.72188622,1010,79,68,6,2020-11-30 06:00:00,,,,
11.72188622,1011,84,85,5,2020-11-30 07:00:00,,,,
11.72188622,1012,89,101,4,2020-11-30 08:00:00,,,,
13.72188622,1012,94,117,3,2020-11-30 09:00:00,,,,
13.72188622,1012,85,136,4,2020-11-30 10:00:00,,,,
13.72188622,1012,77,155,4,2020-11-30 11:00:00,,,,
15.72188622,1012,68,174,5,2020-11-30 12:00:00,,,,
15.72188622,1011,58,218,6,2020-11-30 13:00:00,,,,
15.72188622,1011,48,261,8,2020-11-30 14:00:00,,,,
15.72188622,1010,38,305,9,2020-11-30 15:00:00,,,,
15.72188622,1010,44,312,10,2020-11-30 16:00:00,,,,
15.72188622,1011,51,319,11,2020-11-30 17:00:00,,,,
15.72188622,1011,58,327,12,2020-11-30 18:00:00,,,,
13.72188622,1011,61,295,12,2020-11-30 19:00:00,,,,
11.72188622,1011,64,264,12,2020-11-30 20:00:00,,,,
11.72188622,1012,67,232,13,2020-11-30 21:00:00,,,,
7.721886217,1012,57,159,13,2020-11-30 22:00:00,,,,
3.721886217,1012,46,85,13,2020-11-30 23:00:00,,,,
1.721886217,1012,36,11,13,2020-12-01 00:00:00,,,,
5.721886217,1011,40,13,13,2020-12-01 01:00:00,,,,
9.721886217,1011,45,14,13,2020-12-01 02:00:00,,,,
13.72188622,1011,49,16,13,2020-12-01 03:00:00,,,,
11.72188622,1011,48,14,13,2020-12-01 04:00:00,,,,
11.72188622,1011,47,12,14,2020-12-01 05:00:00,,,,
11.72188622,1012,46,10,15,2020-12-01 06:00:00,,,,
11.72188622,1012,39,10,15,2020-12-01 07:00:00,,,,
11.72188622,1013,32,9,15,2020-12-01 08:00:00,,,,
13.72188622,1014,24,8,15,2020-12-01 09:00:00,,,,
13.72188622,1013,22,42,15,2020-12-01 10:00:00,,,,
15.72188622,1013,20,77,14,2020-12-01 11:00:00,,,,
15.72188622,1013,18,112,14,2020-12-01 12:00:00,,,,
15.72188622,1012,17,183,16,2020-12-01 13:00:00,,,,
15.72188622,1012,16,253,19,2020-12-01 14:00:00,,,,
15.72188622,1011,15,324,21,2020-12-01 15:00:00,,,,
15.72188622,1011,15,329,22,2020-12-01 16:00:00,,,,
15.72188622,1012,15,334,22,2020-12-01 17:00:00,,,,
15.72188622,1012,15,338,23,2020-12-01 18:00:00,,,,
13.72188622,1013,15,305,21,2020-12-01 19:00:00,,,,
13.72188622,1013,15,272,19,2020-12-01 20:00:00,,,,
11.72188622,1014,15,239,17,2020-12-01 21:00:00,,,,
11.72188622,1014,16,162,16,2020-12-01 22:00:00,,,,
11.72188622,1014,17,86,15,2020-12-01 23:00:00,,,,
13.72188622,1014,17,10,15,2020-12-02 00:00:00,,,,
11.72188622,1014,18,13,14,2020-12-02 01:00:00,,,,
11.72188622,1013,19,15,14,2020-12-02 02:00:00,,,,
11.72188622,1013,20,18,13,2020-12-02 03:00:00,,,,
11.72188622,1013,20,19,14,2020-12-02 04:00:00,,,,
11.72188622,1013,20,20,14,2020-12-02 05:00:00,,,,
9.721886217,1014,20,20,14,2020-12-02 06:00:00,,,,
11.72188622,1014,19,22,13,2020-12-02 07:00:00,,,,
11.72188622,1015,18,24,12,2020-12-02 08:00:00,,,,
13.72188622,1015,17,26,10,2020-12-02 09:00:00,,,,
13.72188622,1015,16,60,10,2020-12-02 10:00:00,,,,
15.72188622,1014,15,94,10,2020-12-02 11:00:00,,,,
17.72188622,1014,13,128,9,2020-12-02 12:00:00,,,,
17.72188622,1013,13,191,12,2020-12-02 13:00:00,,,,
17.72188622,1013,12,255,15,2020-12-02 14:00:00,,,,
17.72188622,1012,11,318,17,2020-12-02 15:00:00,,,,
15.72188622,1012,10,323,18,2020-12-02 16:00:00,,,,
15.72188622,1012,9,329,20,2020-12-02 17:00:00,,,,
15.72188622,1013,8,334,21,2020-12-02 18:00:00,,,,
13.72188622,1013,7,301,19,2020-12-02 19:00:00,,,,
11.72188622,1014,7,268,18,2020-12-02 20:00:00,,,,
11.72188622,1014,7,236,17,2020-12-02 21:00:00,,,,
9.721886217,1014,7,162,15,2020-12-02 22:00:00,,,,
7.721886217,1014,8,89,13,2020-12-02 23:00:00,,,,
5.721886217,1014,8,15,12,2020-12-03 00:00:00,,,,
7.721886217,1013,8,18,12,2020-12-03 01:00:00,,,,
11.72188622,1013,8,20,12,2020-12-03 02:00:00,,,,
13.72188622,1013,8,23,13,2020-12-03 03:00:00,,,,
13.72188622,1013,8,28,12,2020-12-03 04:00:00,,,,
13.72188622,1013,9,33,11,2020-12-03 05:00:00,,,,
13.72188622,1014,9,39,11,2020-12-03 06:00:00,,,,
13.72188622,1014,9,43,11,2020-12-03 07:00:00,,,,
13.72188622,1015,8,48,11,2020-12-03 08:00:00,,,,
15.72188622,1015,8,53,11,2020-12-03 09:00:00,,,,
17.72188622,1015,8,86,11,2020-12-03 10:00:00,,,,
17.72188622,1015,8,120,10,2020-12-03 11:00:00,,,,
19.72188622,1014,8,153,10,2020-12-03 12:00:00,,,,
19.72188622,1014,7,202,11,2020-12-03 13:00:00,,,,
19.72188622,1013,7,251,12,2020-12-03 14:00:00,,,,
19.72188622,1012,7,299,14,2020-12-03 15:00:00,,,,
19.72188622,1013,6,309,16,2020-12-03 16:00:00,,,,
17.72188622,1013,6,318,18,2020-12-03 17:00:00,,,,
15.72188622,1013,5,328,19,2020-12-03 18:00:00,,,,
15.72188622,1013,5,298,18,2020-12-03 19:00:00,,,,
13.72188622,1013,5,269,16,2020-12-03 20:00:00,,,,
13.72188622,1014,6,240,15,2020-12-03 21:00:00,,,,
11.72188622,1014,6,165,14,2020-12-03 22:00:00,,,,
7.721886217,1014,6,90,13,2020-12-03 23:00:00,,,,
5.721886217,1014,7,15,12,2020-12-04 00:00:00,,,,
9.721886217,1013,6,20,11,2020-12-04 01:00:00,,,,
11.72188622,1013,6,25,11,2020-12-04 02:00:00,,,,
13.72188622,1012,5,31,10,2020-12-04 03:00:00,,,,
13.72188622,1012,6,36,11,2020-12-04 04:00:00,,,,
13.72188622,1013,6,42,11,2020-12-04 05:00:00,,,,
13.72188622,1013,6,47,11,2020-12-04 06:00:00,,,,
13.72188622,1013,6,51,11,2020-12-04 07:00:00,,,,
13.72188622,1014,6,55,11,2020-12-04 08:00:00,,,,
15.72188622,1015,6,59,11,2020-12-04 09:00:00,,,,
15.72188622,1014,6,90,11,2020-12-04 10:00:00,,,,
17.72188622,1014,5,122,10,2020-12-04 11:00:00,,,,
19.72188622,1014,5,154,10,2020-12-04 12:00:00,,,,
19.72188622,1013,5,207,12,2020-12-04 13:00:00,,,,
19.72188622,1013,4,261,13,2020-12-04 14:00:00,,,,
19.72188622,1012,4,314,14,2020-12-04 15:00:00,,,,
17.72188622,1012,4,321,16,2020-12-04 16:00:00,,,,
17.72188622,1012,3,327,18,2020-12-04 17:00:00,,,,
15.72188622,1013,3,333,19,2020-12-04 18:00:00,,,,
15.72188622,1013,3,301,19,2020-12-04 19:00:00,,,,
13.72188622,1014,3,269,18,2020-12-04 20:00:00,,,,
11.72188622,1014,3,237,18,2020-12-04 21:00:00,,,,
11.72188622,1014,3,165,16,2020-12-04 22:00:00,,,,
9.721886217,1014,3,93,15,2020-12-04 23:00:00,,,,
7.721886217,1014,3,22,13,2020-12-05 00:00:00,,,,
9.721886217,1014,3,32,13,2020-12-05 01:00:00,,,,
11.72188622,1014,2,42,12,2020-12-05 02:00:00,,,,
15.72188622,1013,2,53,12,2020-12-05 03:00:00,,,,
13.72188622,1013,2,57,12,2020-12-05 04:00:00,,,,
13.72188622,1014,2,61,13,2020-12-05 05:00:00,,,,
13.72188622,1014,2,66,13,2020-12-05 06:00:00,,,,
13.72188622,1014,1,67,13,2020-12-05 07:00:00,,,,
15.72188622,1015,1,69,13,2020-12-05 08:00:00,,,,
15.72188622,1015,0,70,13,2020-12-05 09:00:00,,,,
17.72188622,1015,1,100,12,2020-12-05 10:00:00,,,,
19.72188622,1015,1,130,11,2020-12-05 11:00:00,,,,
21.72188622,1015,2,160,10,2020-12-05 12:00:00,,,,
21.72188622,1014,2,214,11,2020-12-05 13:00:00,,,,
21.72188622,1014,3,268,11,2020-12-05 14:00:00,,,,
21.72188622,1013,3,322,12,2020-12-05 15:00:00,,,,
19.72188622,1013,3,326,14,2020-12-05 16:00:00,,,,
19.72188622,1013,4,329,15,2020-12-05 17:00:00,,,,
17.72188622,1013,4,333,17,2020-12-05 18:00:00,,,,
15.72188622,1014,4,301,16,2020-12-05 19:00:00,,,,
13.72188622,1014,3,269,15,2020-12-05 20:00:00,,,,
13.72188622,1015,3,237,15,2020-12-05 21:00:00,,,,
11.72188622,1015,3,172,14,2020-12-05 22:00:00,,,,
9.721886217,1015,3,106,12,2020-12-05 23:00:00,,,,
7.721886217,1015,3,41,11,2020-12-06 00:00:00,,,,
9.721886217,1014,3,55,11,2020-12-06 01:00:00,,,,
13.72188622,1014,3,68,11,2020-12-06 02:00:00,,,,
15.72188622,1014,2,82,12,2020-12-06 03:00:00,,,,
13.72188622,1014,3,81,13,2020-12-06 04:00:00,,,,
13.72188622,1014,4,80,14,2020-12-06 05:00:00,,,,
11.72188622,1015,5,79,15,2020-12-06 06:00:00,,,,
11.72188622,1015,7,82,15,2020-12-06 07:00:00,,,,
11.72188622,1016,10,85,15,2020-12-06 08:00:00,,,,
11.72188622,1016,13,88,15,2020-12-06 09:00:00,,,,
13.72188622,1016,15,113,14,2020-12-06 10:00:00,,,,
15.72188622,1015,18,139,12,2020-12-06 11:00:00,,,,
17.72188622,1015,20,164,11,2020-12-06 12:00:00,,,,
17.72188622,1014,23,212,10,2020-12-06 13:00:00,,,,
17.72188622,1014,27,260,10,2020-12-06 14:00:00,,,,
17.72188622,1013,30,307,9,2020-12-06 15:00:00,,,,
17.72188622,1013,26,315,12,2020-12-06 16:00:00,,,,
15.72188622,1013,23,322,16,2020-12-06 17:00:00,,,,
15.72188622,1013,19,329,19,2020-12-06 18:00:00,,,,
15.72188622,1014,14,299,17,2020-12-06 19:00:00,,,,
15.72188622,1014,9,270,16,2020-12-06 20:00:00,,,,
15.72188622,1015,3,240,14,2020-12-06 21:00:00,,,,
13.72188622,1015,2,173,13,2020-12-06 22:00:00,,,,
11.72188622,1014,1,106,12,2020-12-06 23:00:00,,,,
9.721886217,1014,0,39,10,2020-12-07 00:00:00,,,,
11.72188622,1014,0,54,11,2020-12-07 01:00:00,,,,
13.72188622,1014,0,69,11,2020-12-07 02:00:00,,,,
15.72188622,1014,0,84,11,2020-12-07 03:00:00,,,,
13.72188622,1014,0,80,12,2020-12-07 04:00:00,,,,
13.72188622,1014,0,77,13,2020-12-07 05:00:00,,,,
11.72188622,1014,0,74,14,2020-12-07 06:00:00,,,,
11.72188622,1014,0,77,14,2020-12-07 07:00:00,,,,
11.72188622,1015,0,79,15,2020-12-07 08:00:00,,,,
11.72188622,1015,0,82,15,2020-12-07 09:00:00,,,,
15.72188622,1015,0,107,13,2020-12-07 10:00:00,,,,
17.72188622,1014,0,132,11,2020-12-07 11:00:00,,,,
19.72188622,1014,0,158,10,2020-12-07 12:00:00,,,,
21.72188622,1013,0,206,9,2020-12-07 13:00:00,,,,
23.72188622,1012,0,255,7,2020-12-07 14:00:00,,,,
25.72188622,1011,0,303,6,2020-12-07 15:00:00,,,,
23.72188622,1011,0,309,9,2020-12-07 16:00:00,,,,
21.72188622,1011,0,316,11,2020-12-07 17:00:00,,,,
19.72188622,1011,0,322,14,2020-12-07 18:00:00,,,,
17.72188622,1012,0,291,14,2020-12-07 19:00:00,,,,
15.72188622,1012,0,260,15,2020-12-07 20:00:00,,,,
13.72188622,1013,0,229,15,2020-12-07 21:00:00,,,,
13.72188622,1013,0,164,14,2020-12-07 22:00:00,,,,
15.72188622,1013,0,98,12,2020-12-07 23:00:00,,,,
17.72188622,1013,0,33,11,2020-12-08 00:00:00,,,,
17.72188622,1012,0,43,10,2020-12-08 01:00:00,,,,
17.72188622,1012,0,54,9,2020-12-08 02:00:00,,,,
17.72188622,1012,0,64,8,2020-12-08 03:00:00,,,,
15.72188622,1012,0,67,9,2020-12-08 04:00:00,,,,
13.72188622,1012,0,69,10,2020-12-08 05:00:00,,,,
13.72188622,1012,0,71,11,2020-12-08 06:00:00,,,,
13.72188622,1013,0,76,11,2020-12-08 07:00:00,,,,
13.72188622,1013,0,82,11,2020-12-08 08:00:00,,,,
13.72188622,1014,0,87,11,2020-12-08 09:00:00,,,,
15.72188622,1013,0,104,9,2020-12-08 10:00:00,,,,
17.72188622,1013,0,121,8,2020-12-08 11:00:00,,,,
19.72188622,1012,0,138,6,2020-12-08 12:00:00,,,,
21.72188622,1012,0,189,7,2020-12-08 13:00:00,,,,
21.72188622,1011,0,239,8,2020-12-08 14:00:00,,,,
21.72188622,1010,0,290,9,2020-12-08 15:00:00,,,,
21.72188622,1010,0,295,10,2020-12-08 16:00:00,,,,
19.72188622,1010,0,300,12,2020-12-08 17:00:00,,,,
19.72188622,1010,0,305,13,2020-12-08 18:00:00,,,,
17.72188622,1011,0,277,13,2020-12-08 19:00:00,,,,
15.72188622,1011,0,249,12,2020-12-08 20:00:00,,,,
13.72188622,1012,0,222,11,2020-12-08 21:00:00,,,,
13.72188622,1012,0,157,10,2020-12-08 22:00:00,,,,
11.72188622,1012,0,92,9,2020-12-08 23:00:00,,,,
11.72188622,1012,0,27,8,2020-12-09 00:00:00,,,,
13.72188622,1011,0,31,8,2020-12-09 01:00:00,,,,
15.72188622,1011,0,36,8,2020-12-09 02:00:00,,,,
15.72188622,1010,0,41,8,2020-12-09 03:00:00,,,,
15.72188622,1010,0,46,8,2020-12-09 04:00:00,,,,
13.72188622,1011,0,52,9,2020-12-09 05:00:00,,,,
13.72188622,1011,0,58,9,2020-12-09 06:00:00,,,,
13.72188622,1011,0,65,9,2020-12-09 07:00:00,,,,
13.72188622,1012,0,72,9,2020-12-09 08:00:00,,,,
15.72188622,1012,0,79,9,2020-12-09 09:00:00,,,,
17.72188622,1012,0,102,9,2020-12-09 10:00:00,,,,
17.72188622,1012,0,125,8,2020-12-09 11:00:00,,,,
19.72188622,1011,0,149,8,2020-12-09 12:00:00,,,,
21.72188622,1011,0,187,9,2020-12-09 13:00:00,,,,
21.72188622,1010,0,225,9,2020-12-09 14:00:00,,,,
21.72188622,1009,0,263,10,2020-12-09 15:00:00,,,,
21.72188622,1009,0,278,11,2020-12-09 16:00:00,,,,
19.72188622,1009,0,293,12,2020-12-09 17:00:00,,,,
17.72188622,1010,0,308,14,2020-12-09 18:00:00,,,,
17.72188622,1010,0,286,13,2020-12-09 19:00:00,,,,
15.72188622,1011,0,264,12,2020-12-09 20:00:00,,,,
13.72188622,1011,0,243,12,2020-12-09 21:00:00,,,,
11.72188622,1011,0,172,10,2020-12-09 22:00:00,,,,
11.72188622,1011,0,102,9,2020-12-09 23:00:00,,,,
9.721886217,1011,0,32,8,2020-12-10 00:00:00,,,,
11.72188622,1010,0,31,8,2020-12-10 01:00:00,,,,
13.72188622,1010,0,30,9,2020-12-10 02:00:00,,,,
15.72188622,1010,0,29,9,2020-12-10 03:00:00,,,,
15.72188622,1010,0,35,10,2020-12-10 04:00:00,,,,
13.72188622,1010,0,42,10,2020-12-10 05:00:00,,,,
13.72188622,1011,0,48,11,2020-12-10 06:00:00,,,,
13.72188622,1011,0,45,11,2020-12-10 07:00:00,,,,
13.72188622,1012,0,43,11,2020-12-10 08:00:00,,,,
15.72188622,1012,0,41,10,2020-12-10 09:00:00,,,,
17.72188622,1012,0,74,10,2020-12-10 10:00:00,,,,
19.72188622,1011,0,107,9,2020-12-10 11:00:00,,,,
21.72188622,1011,0,140,9,2020-12-10 12:00:00,,,,
21.72188622,1010,0,200,9,2020-12-10 13:00:00,,,,
23.72188622,1009,0,261,10,2020-12-10 14:00:00,,,,
23.72188622,1009,0,321,10,2020-12-10 15:00:00,,,,
21.72188622,1009,0,323,12,2020-12-10 16:00:00,,,,
19.72188622,1009,0,326,14,2020-12-10 17:00:00,,,,
17.72188622,1009,1,328,17,2020-12-10 18:00:00,,,,
17.72188622,1009,1,296,16,2020-12-10 19:00:00,,,,
15.72188622,1010,2,263,16,2020-12-10 20:00:00,,,,
15.72188622,1011,2,230,16,2020-12-10 21:00:00,,,,
11.72188622,1011,2,163,14,2020-12-10 22:00:00,,,,
9.721886217,1011,2,95,11,2020-12-10 23:00:00,,,,
7.721886217,1011,3,28,9,2020-12-11 00:00:00,,,,
9.721886217,1010,3,36,8,2020-12-11 01:00:00,,,,
11.72188622,1010,3,45,7,2020-12-11 02:00:00,,,,
13.72188622,1010,3,54,6,2020-12-11 03:00:00,,,,
13.72188622,1010,4,58,7,2020-12-11 04:00:00,,,,
13.72188622,1010,4,62,8,2020-12-11 05:00:00,,,,
11.72188622,1011,4,66,8,2020-12-11 06:00:00,,,,
13.72188622,1011,4,68,8,2020-12-11 07:00:00,,,,
13.72188622,1012,4,70,9,2020-12-11 08:00:00,,,,
13.72188622,1013,5,71,9,2020-12-11 09:00:00,,,,
15.72188622,1012,4,94,8,2020-12-11 10:00:00,,,,
17.72188622,1012,4,117,7,2020-12-11 11:00:00,,,,
19.72188622,1012,3,139,7,2020-12-11 12:00:00,,,,
19.72188622,1011,3,184,7,2020-12-11 13:00:00,,,,
21.72188622,1010,3,229,8,2020-12-11 14:00:00,,,,
21.72188622,1009,3,274,9,2020-12-11 15:00:00,,,,
19.72188622,1010,3,288,10,2020-12-11 16:00:00,,,,
19.72188622,1010,3,301,12,2020-12-11 17:00:00,,,,
17.72188622,1010,3,315,14,2020-12-11 18:00:00,,,,
17.72188622,1011,3,284,13,2020-12-11 19:00:00,,,,
17.72188622,1011,4,254,12,2020-12-11 20:00:00,,,,
15.72188622,1012,4,223,11,2020-12-11 21:00:00,,,,
15.72188622,1012,4,157,9,2020-12-11 22:00:00,,,,
15.72188622,1012,4,90,8,2020-12-11 23:00:00,,,,
15.72188622,1012,5,23,6,2020-12-12 00:00:00,,,,
15.72188622,1012,5,32,6,2020-12-12 01:00:00,,,,
15.72188622,1011,5,40,6,2020-12-12 02:00:00,,,,
15.72188622,1011,6,48,6,2020-12-12 03:00:00,,,,
13.72188622,1011,6,54,6,2020-12-12 04:00:00,,,,
13.72188622,1011,6,59,7,2020-12-12 05:00:00,,,,
13.72188622,1012,6,65,8,2020-12-12 06:00:00,,,,
13.72188622,1012,6,67,7,2020-12-12 07:00:00,,,,
13.72188622,1013,6,69,7,2020-12-12 08:00:00,,,,
15.72188622,1014,6,71,6,2020-12-12 09:00:00,,,,
15.72188622,1014,6,97,6,2020-12-12 10:00:00,,,,
17.72188622,1013,6,123,6,2020-12-12 11:00:00,,,,
19.72188622,1013,6,148,5,2020-12-12 12:00:00,,,,
17.72188622,1012,6,198,8,2020-12-12 13:00:00,,,,
17.72188622,1012,6,248,10,2020-12-12 14:00:00,,,,
17.72188622,1011,6,297,12,2020-12-12 15:00:00,,,,
17.72188622,1011,6,306,13,2020-12-12 16:00:00,,,,
17.72188622,1012,6,314,13,2020-12-12 17:00:00,,,,
15.72188622,1012,6,323,14,2020-12-12 18:00:00,,,,
15.72188622,1012,6,291,13,2020-12-12 19:00:00,,,,
15.72188622,1013,6,259,12,2020-12-12 20:00:00,,,,
15.72188622,1013,6,227,12,2020-12-12 21:00:00,,,,
15.72188622,1013,6,157,10,2020-12-12 22:00:00,,,,
15.72188622,1013,5,87,9,2020-12-12 23:00:00,,,,
15.72188622,1013,5,16,8,2020-12-13 00:00:00,,,,
15.72188622,1013,5,15,7,2020-12-13 01:00:00,,,,
15.72188622,1012,5,14,7,2020-12-13 02:00:00,,,,
15.72188622,1012,4,13,7,2020-12-13 03:00:00,,,,
13.72188622,1012,5,17,8,2020-12-13 04:00:00,,,,
13.72188622,1012,5,21,8,2020-12-13 05:00:00,,,,
13.72188622,1012,5,25,8,2020-12-13 06:00:00,,,,
13.72188622,1013,5,62,8,2020-12-13 07:00:00,,,,
13.72188622,1013,5,99,7,2020-12-13 08:00:00,,,,
15.72188622,1014,6,136,6,2020-12-13 09:00:00,,,,
15.72188622,1013,5,199,8,2020-12-13 10:00:00,,,,
15.72188622,1013,5,263,9,2020-12-13 11:00:00,,,,
17.72188622,1013,5,326,11,2020-12-13 12:00:00,,,,
17.72188622,1012,5,323,14,2020-12-13 13:00:00,,,,
15.72188622,1011,5,321,17,2020-12-13 14:00:00,,,,
15.72188622,1010,5,318,20,2020-12-13 15:00:00,,,,
13.72188622,1010,4,322,20,2020-12-13 16:00:00,,,,
13.72188622,1011,4,327,21,2020-12-13 17:00:00,,,,
11.72188622,1011,3,332,21,2020-12-13 18:00:00,,,,
9.721886217,1011,2,299,19,2020-12-13 19:00:00,,,,
9.721886217,1012,1,265,17,2020-12-13 20:00:00,,,,
7.721886217,1012,0,232,15,2020-12-13 21:00:00,,,,
5.721886217,1012,0,196,14,2020-12-13 22:00:00,,,,
5.721886217,1012,0,160,13,2020-12-13 23:00:00,,,,
5.721886217,1012,0,124,12,2020-12-14 00:00:00,,,,
7.721886217,1012,0,161,14,2020-12-14 01:00:00,,,,
9.721886217,1012,0,198,16,2020-12-14 02:00:00,,,,
11.72188622,1011,0,236,19,2020-12-14 03:00:00,,,,
9.721886217,1012,0,162,19,2020-12-14 04:00:00,,,,
9.721886217,1012,0,88,19,2020-12-14 05:00:00,,,,
7.721886217,1012,0,15,19,2020-12-14 06:00:00,,,,
7.721886217,1013,0,14,19,2020-12-14 07:00:00,,,,
9.721886217,1013,0,13,18,2020-12-14 08:00:00,,,,
9.721886217,1014,0,13,17,2020-12-14 09:00:00,,,,
11.72188622,1013,0,47,17,2020-12-14 10:00:00,,,,
11.72188622,1013,0,81,17,2020-12-14 11:00:00,,,,
13.72188622,1013,0,115,17,2020-12-14 12:00:00,,,,
13.72188622,1012,0,188,20,2020-12-14 13:00:00,,,,
13.72188622,1011,0,260,22,2020-12-14 14:00:00,,,,
13.72188622,1011,0,333,24,2020-12-14 15:00:00,,,,
13.72188622,1011,0,337,25,2020-12-14 16:00:00,,,,
11.72188622,1011,0,340,25,2020-12-14 17:00:00,,,,
11.72188622,1011,0,343,26,2020-12-14 18:00:00,,,,
9.721886217,1011,0,308,24,2020-12-14 19:00:00,,,,
7.721886217,1012,0,273,22,2020-12-14 20:00:00,,,,
7.721886217,1012,0,238,21,2020-12-14 21:00:00,,,,
5.721886217,1012,0,161,19,2020-12-14 22:00:00,,,,
3.721886217,1012,1,85,17,2020-12-14 23:00:00,,,,
1.721886217,1012,1,9,16,2020-12-15 00:00:00,,,,
3.721886217,1012,2,12,15,2020-12-15 01:00:00,,,,
5.721886217,1011,3,14,14,2020-12-15 02:00:00,,,,
7.721886217,1011,4,17,13,2020-12-15 03:00:00,,,,
7.721886217,1011,4,19,12,2020-12-15 04:00:00,,,,
7.721886217,1011,3,21,11,2020-12-15 05:00:00,,,,
9.721886217,1011,3,23,10,2020-12-15 06:00:00,,,,
9.721886217,1012,2,19,10,2020-12-15 07:00:00,,,,
11.72188622,1012,2,16,10,2020-12-15 08:00:00,,,,
11.72188622,1013,2,13,9,2020-12-15 09:00:00,,,,
13.72188622,1012,2,44,10,2020-12-15 10:00:00,,,,
13.72188622,1012,2,75,10,2020-12-15 11:00:00,,,,
15.72188622,1012,2,106,10,2020-12-15 12:00:00,,,,
15.72188622,1011,2,176,13,2020-12-15 13:00:00,,,,
13.72188622,1011,2,247,16,2020-12-15 14:00:00,,,,
13.72188622,1010,2,317,18,2020-12-15 15:00:00,,,,
13.72188622,1010,2,324,19,2020-12-15 16:00:00,,,,
11.72188622,1010,1,330,19,2020-12-15 17:00:00,,,,
11.72188622,1011,1,336,19,2020-12-15 18:00:00,,,,
7.721886217,1011,1,304,18,2020-12-15 19:00:00,,,,
5.721886217,1011,0,272,16,2020-12-15 20:00:00,,,,
3.721886217,1012,0,241,15,2020-12-15 21:00:00,,,,
3.721886217,1012,0,166,14,2020-12-15 22:00:00,,,,
1.721886217,1012,1,91,12,2020-12-15 23:00:00,,,,
1.721886217,1012,1,17,11,2020-12-16 00:00:00,,,,
3.721886217,1012,2,16,12,2020-12-16 01:00:00,,,,
7.721886217,1011,2,16,13,2020-12-16 02:00:00,,,,
9.721886217,1011,3,15,13,2020-12-16 03:00:00,,,,
9.721886217,1011,3,19,12,2020-12-16 04:00:00,,,,
9.721886217,1011,3,23,12,2020-12-16 05:00:00,,,,
9.721886217,1012,3,27,11,2020-12-16 06:00:00,,,,
9.721886217,1012,3,28,10,2020-12-16 07:00:00,,,,
11.72188622,1013,3,29,9,2020-12-16 08:00:00,,,,
11.72188622,1013,3,31,8,2020-12-16 09:00:00,,,,
13.72188622,1013,3,62,9,2020-12-16 10:00:00,,,,
15.72188622,1013,2,94,9,2020-12-16 11:00:00,,,,
17.72188622,1012,2,125,10,2020-12-16 12:00:00,,,,
15.72188622,1011,1,190,13,2020-12-16 13:00:00,,,,
15.72188622,1011,1,255,16,2020-12-16 14:00:00,,,,
15.72188622,1010,0,319,19,2020-12-16 15:00:00,,,,
13.72188622,1010,0,325,20,2020-12-16 16:00:00,,,,
11.72188622,1010,0,331,21,2020-12-16 17:00:00,,,,
9.721886217,1010,0,337,22,2020-12-16 18:00:00,,,,
5.721886217,1011,0,305,20,2020-12-16 19:00:00,,,,
3.721886217,1011,0,273,18,2020-12-16 20:00:00,,,,
-0.278113783,1012,1,242,17,2020-12-16 21:00:00,,,,
1.721886217,1012,1,168,15,2020-12-16 22:00:00,,,,
3.721886217,1012,2,94,13,2020-12-16 23:00:00,,,,
5.721886217,1012,2,21,11,2020-12-17 00:00:00,,,,
7.721886217,1011,3,22,11,2020-12-17 01:00:00,,,,
9.721886217,1011,3,23,11,2020-12-17 02:00:00,,,,
13.72188622,1011,3,24,10,2020-12-17 03:00:00,,,,
11.72188622,1011,3,32,10,2020-12-17 04:00:00,,,,
11.72188622,1011,3,39,10,2020-12-17 05:00:00,,,,
11.72188622,1012,3,47,10,2020-12-17 06:00:00,,,,
11.72188622,1012,3,57,11,2020-12-17 07:00:00,,,,
13.72188622,1013,3,68,12,2020-12-17 08:00:00,,,,
13.72188622,1013,3,78,13,2020-12-17 09:00:00,,,,
15.72188622,1013,3,102,12,2020-12-17 10:00:00,,,,
17.72188622,1013,3,125,12,2020-12-17 11:00:00,,,,
19.72188622,1012,3,148,12,2020-12-17 12:00:00,,,,
19.72188622,1011,3,181,12,2020-12-17 13:00:00,,,,
21.72188622,1011,4,214,12,2020-12-17 14:00:00,,,,
21.72188622,1010,4,247,13,2020-12-17 15:00:00,,,,
19.72188622,1010,4,268,14,2020-12-17 16:00:00,,,,
17.72188622,1010,4,288,15,2020-12-17 17:00:00,,,,
15.72188622,1010,5,308,17,2020-12-17 18:00:00,,,,
15.72188622,1011,5,284,15,2020-12-17 19:00:00,,,,
15.72188622,1011,6,260,13,2020-12-17 20:00:00,,,,
15.72188622,1012,6,236,11,2020-12-17 21:00:00,,,,
13.72188622,1012,8,164,10,2020-12-17 22:00:00,,,,
13.72188622,1012,9,91,9,2020-12-17 23:00:00,,,,
,,,,,,,,,
11.72188622,1011,13,20,9,2020-12-18 01:00:00,,,,
11.72188622,1011,14,21,9,2020-12-18 02:00:00,,,,
11.72188622,1011,16,22,9,2020-12-18 03:00:00,,,,
11.72188622,1011,17,29,9,2020-12-18 04:00:00,,,,
11.72188622,1011,17,36,9,2020-12-18 05:00:00,,,,
11.72188622,1011,18,42,9,2020-12-18 06:00:00,,,,
11.72188622,1012,18,58,8,2020-12-18 07:00:00,,,,
13.72188622,1012,18,73,6,2020-12-18 08:00:00,,,,
13.72188622,1013,18,89,5,2020-12-18 09:00:00,,,,
15.72188622,1013,18,122,6,2020-12-18 10:00:00,,,,
15.72188622,1012,17,154,6,2020-12-18 11:00:00,,,,
17.72188622,1012,17,187,6,2020-12-18 12:00:00,,,,
17.72188622,1011,17,217,9,2020-12-18 13:00:00,,,,
17.72188622,1011,16,248,11,2020-12-18 14:00:00,,,,
15.72188622,1010,16,278,14,2020-12-18 15:00:00,,,,
15.72188622,1010,17,292,13,2020-12-18 16:00:00,,,,
15.72188622,1011,18,306,13,2020-12-18 17:00:00,,,,
13.72188622,1011,19,320,13,2020-12-18 18:00:00,,,,
13.72188622,1011,22,329,12,2020-12-18 19:00:00,,,,
13.72188622,1012,24,338,10,2020-12-18 20:00:00,,,,
13.72188622,1012,26,347,9,2020-12-18 21:00:00,,,,
13.72188622,1012,31,346,9,2020-12-18 22:00:00,,,,
11.72188622,1012,37,345,10,2020-12-18 23:00:00,,,,
11.72188622,1012,42,344,10,2020-12-19 00:00:00,,,,
11.72188622,1012,54,309,11,2020-12-19 01:00:00,,,,
11.72188622,1011,66,274,12,2020-12-19 02:00:00,,,,
11.72188622,1011,79,240,13,2020-12-19 03:00:00,,,,
11.72188622,1011,73,168,11,2020-12-19 04:00:00,,,,
11.72188622,1011,67,96,9,2020-12-19 05:00:00,,,,
11.72188622,1012,61,24,8,2020-12-19 06:00:00,,,,
11.72188622,1012,50,57,7,2020-12-19 07:00:00,,,,
11.72188622,1013,39,90,6,2020-12-19 08:00:00,,,,
11.72188622,1013,29,123,5,2020-12-19 09:00:00,,,,
13.72188622,1013,27,186,6,2020-12-19 10:00:00,,,,
13.72188622,1013,26,249,8,2020-12-19 11:00:00,,,,
15.72188622,1012,25,311,9,2020-12-19 12:00:00,,,,
13.72188622,1012,23,310,12,2020-12-19 13:00:00,,,,
13.72188622,1011,21,309,15,2020-12-19 14:00:00,,,,
13.72188622,1010,20,308,18,2020-12-19 15:00:00,,,,
11.72188622,1010,27,313,18,2020-12-19 16:00:00,,,,
11.72188622,1011,34,319,18,2020-12-19 17:00:00,,,,
11.72188622,1011,41,324,18,2020-12-19 18:00:00,,,,
11.72188622,1011,56,332,16,2020-12-19 19:00:00,,,,
9.721886217,1012,71,340,15,2020-12-19 20:00:00,,,,
9.721886217,1012,86,348,14,2020-12-19 21:00:00,,,,
7.721886217,1012,76,272,13,2020-12-19 22:00:00,,,,
5.721886217,1012,67,195,11,2020-12-19 23:00:00,,,,
3.721886217,1012,57,119,10,2020-12-20 00:00:00,,,,
5.721886217,1011,43,157,10,2020-12-20 01:00:00,,,,
7.721886217,1011,28,195,11,2020-12-20 02:00:00,,,,
9.721886217,1011,14,232,12,2020-12-20 03:00:00,,,,
9.721886217,1011,12,157,11,2020-12-20 04:00:00,,,,
9.721886217,1011,10,82,11,2020-12-20 05:00:00,,,,
9.721886217,1011,8,7,10,2020-12-20 06:00:00,,,,
11.72188622,1012,7,44,10,2020-12-20 07:00:00,,,,
11.72188622,1012,6,80,9,2020-12-20 08:00:00,,,,
11.72188622,1013,6,117,8,2020-12-20 09:00:00,,,,
13.72188622,1012,6,185,9,2020-12-20 10:00:00,,,,
13.72188622,1012,7,253,10,2020-12-20 11:00:00,,,,
13.72188622,1012,8,321,10,2020-12-20 12:00:00,,,,
13.72188622,1011,8,317,13,2020-12-20 13:00:00,,,,
13.72188622,1010,9,312,15,2020-12-20 14:00:00,,,,
13.72188622,1009,9,307,18,2020-12-20 15:00:00,,,,
11.72188622,1009,9,313,18,2020-12-20 16:00:00,,,,
11.72188622,1009,9,318,19,2020-12-20 17:00:00,,,,
9.721886217,1009,9,324,20,2020-12-20 18:00:00,,,,
9.721886217,1010,8,291,18,2020-12-20 19:00:00,,,,
7.721886217,1010,8,258,16,2020-12-20 20:00:00,,,,
5.721886217,1011,7,226,14,2020-12-20 21:00:00,,,,
5.721886217,1011,12,153,13,2020-12-20 22:00:00,,,,
3.721886217,1011,17,80,12,2020-12-20 23:00:00,,,,
3.721886217,1011,23,7,10,2020-12-21 00:00:00,,,,
5.721886217,1011,35,46,10,2020-12-21 01:00:00,,,,
7.721886217,1010,48,85,10,2020-12-21 02:00:00,,,,
9.721886217,1010,61,124,10,2020-12-21 03:00:00,,,,
9.721886217,1010,59,163,11,2020-12-21 04:00:00,,,,
9.721886217,1010,56,201,11,2020-12-21 05:00:00,,,,
9.721886217,1011,54,239,11,2020-12-21 06:00:00,,,,
9.721886217,1011,43,166,9,2020-12-21 07:00:00,,,,
11.72188622,1012,31,92,7,2020-12-21 08:00:00,,,,
11.72188622,1012,20,18,6,2020-12-21 09:00:00,,,,
11.72188622,1012,19,51,6,2020-12-21 10:00:00,,,,
13.72188622,1011,17,83,6,2020-12-21 11:00:00,,,,
13.72188622,1011,16,116,6,2020-12-21 12:00:00,,,,
13.72188622,1010,16,176,10,2020-12-21 13:00:00,,,,
13.72188622,1010,16,236,14,2020-12-21 14:00:00,,,,
11.72188622,1009,16,296,18,2020-12-21 15:00:00,,,,
11.72188622,1009,16,305,19,2020-12-21 16:00:00,,,,
11.72188622,1010,16,315,19,2020-12-21 17:00:00,,,,
9.721886217,1010,16,324,20,2020-12-21 18:00:00,,,,
9.721886217,1010,21,332,18,2020-12-21 19:00:00,,,,
9.721886217,1011,26,340,16,2020-12-21 20:00:00,,,,
9.721886217,1012,31,348,14,2020-12-21 21:00:00,,,,
9.721886217,1012,48,310,13,2020-12-21 22:00:00,,,,
9.721886217,1012,65,272,12,2020-12-21 23:00:00,,,,
9.721886217,1012,81,234,11,2020-12-22 00:00:00,,,,
9.721886217,1011,82,159,11,2020-12-22 01:00:00,,,,
9.721886217,1011,82,85,10,2020-12-22 02:00:00,,,,
9.721886217,1011,82,10,10,2020-12-22 03:00:00,,,,
7.721886217,1011,77,11,10,2020-12-22 04:00:00,,,,
7.721886217,1011,72,11,9,2020-12-22 05:00:00,,,,
7.721886217,1011,67,11,9,2020-12-22 06:00:00,,,,
9.721886217,1012,58,48,9,2020-12-22 07:00:00,,,,
9.721886217,1012,50,84,9,2020-12-22 08:00:00,,,,
9.721886217,1013,41,121,9,2020-12-22 09:00:00,,,,
11.72188622,1013,37,195,10,2020-12-22 10:00:00,,,,
11.72188622,1012,33,269,11,2020-12-22 11:00:00,,,,
13.72188622,1012,29,343,12,2020-12-22 12:00:00,,,,
13.72188622,1011,27,334,14,2020-12-22 13:00:00,,,,
11.72188622,1011,25,325,17,2020-12-22 14:00:00,,,,
11.72188622,1010,23,316,19,2020-12-22 15:00:00,,,,
11.72188622,1010,22,321,20,2020-12-22 16:00:00,,,,
11.72188622,1010,22,326,20,2020-12-22 17:00:00,,,,
11.72188622,1011,22,331,21,2020-12-22 18:00:00,,,,
9.721886217,1011,23,300,20,2020-12-22 19:00:00,,,,
7.721886217,1012,24,268,19,2020-12-22 20:00:00,,,,
5.721886217,1012,26,236,18,2020-12-22 21:00:00,,,,
5.721886217,1012,25,161,16,2020-12-22 22:00:00,,,,
3.721886217,1012,24,85,14,2020-12-22 23:00:00,,,,
3.721886217,1012,23,9,13,2020-12-23 00:00:00,,,,
5.721886217,1012,24,9,13,2020-12-23 01:00:00,,,,
7.721886217,1011,24,9,14,2020-12-23 02:00:00,,,,
9.721886217,1011,25,8,15,2020-12-23 03:00:00,,,,
9.721886217,1011,24,8,16,2020-12-23 04:00:00,,,,
7.721886217,1011,23,8,18,2020-12-23 05:00:00,,,,
7.721886217,1012,22,9,19,2020-12-23 06:00:00,,,,
7.721886217,1012,20,10,18,2020-12-23 07:00:00,,,,
9.721886217,1013,19,11,17,2020-12-23 08:00:00,,,,
9.721886217,1013,17,12,17,2020-12-23 09:00:00,,,,
11.72188622,1012,15,46,17,2020-12-23 10:00:00,,,,
11.72188622,1012,13,80,17,2020-12-23 11:00:00,,,,
13.72188622,1011,11,115,17,2020-12-23 12:00:00,,,,
13.72188622,1011,11,186,20,2020-12-23 13:00:00,,,,
13.72188622,1010,10,256,22,2020-12-23 14:00:00,,,,
13.72188622,1009,10,327,25,2020-12-23 15:00:00,,,,
13.72188622,1009,10,330,25,2020-12-23 16:00:00,,,,
13.72188622,1009,10,333,25,2020-12-23 17:00:00,,,,
13.72188622,1009,10,336,25,2020-12-23 18:00:00,,,,
11.72188622,1009,12,302,24,2020-12-23 19:00:00,,,,
11.72188622,1010,14,268,22,2020-12-23 20:00:00,,,,
11.72188622,1010,16,233,21,2020-12-23 21:00:00,,,,
11.72188622,1010,19,236,20,2020-12-23 22:00:00,,,,
11.72188622,1010,21,240,19,2020-12-23 23:00:00,,,,
11.72188622,1011,24,243,19,2020-12-24 00:00:00,,,,
9.721886217,1010,35,164,19,2020-12-24 01:00:00,,,,
9.721886217,1010,46,86,19,2020-12-24 02:00:00,,,,
9.721886217,1009,56,7,19,2020-12-24 03:00:00,,,,
9.721886217,1009,60,8,18,2020-12-24 04:00:00,,,,
9.721886217,1009,65,8,17,2020-12-24 05:00:00,,,,
9.721886217,1009,69,8,16,2020-12-24 06:00:00,,,,
9.721886217,1010,62,48,15,2020-12-24 07:00:00,,,,
11.72188622,1010,55,88,14,2020-12-24 08:00:00,,,,
11.72188622,1011,47,127,13,2020-12-24 09:00:00,,,,
13.72188622,1010,47,198,13,2020-12-24 10:00:00,,,,
13.72188622,1010,46,268,12,2020-12-24 11:00:00,,,,
15.72188622,1010,45,339,12,2020-12-24 12:00:00,,,,
15.72188622,1009,42,333,13,2020-12-24 13:00:00,,,,
13.72188622,1008,38,327,15,2020-12-24 14:00:00,,,,
13.72188622,1007,35,321,16,2020-12-24 15:00:00,,,,
13.72188622,1008,42,324,15,2020-12-24 16:00:00,,,,
13.72188622,1008,48,328,13,2020-12-24 17:00:00,,,,
13.72188622,1008,55,332,12,2020-12-24 18:00:00,,,,
13.72188622,1008,60,338,11,2020-12-24 19:00:00,,,,
11.72188622,1009,66,344,10,2020-12-24 20:00:00,,,,
11.72188622,1009,72,350,9,2020-12-24 21:00:00,,,,
11.72188622,1009,73,237,7,2020-12-24 22:00:00,,,,
11.72188622,1009,74,124,6,2020-12-24 23:00:00,,,,
11.72188622,1009,75,11,5,2020-12-25 00:00:00,,,,
11.72188622,1009,78,17,5,2020-12-25 01:00:00,,,,
9.721886217,1008,82,22,5,2020-12-25 02:00:00,,,,
9.721886217,1008,86,28,5,2020-12-25 03:00:00,,,,
9.721886217,1008,82,25,6,2020-12-25 04:00:00,,,,
9.721886217,1008,78,23,6,2020-12-25 05:00:00,,,,
11.72188622,1009,74,20,7,2020-12-25 06:00:00,,,,
11.72188622,1009,75,56,7,2020-12-25 07:00:00,,,,
11.72188622,1010,75,92,7,2020-12-25 08:00:00,,,,
11.72188622,1010,76,128,8,2020-12-25 09:00:00,,,,
11.72188622,1010,70,193,9,2020-12-25 10:00:00,,,,
11.72188622,1009,63,258,10,2020-12-25 11:00:00,,,,
13.72188622,1009,57,323,11,2020-12-25 12:00:00,,,,
13.72188622,1008,52,321,12,2020-12-25 13:00:00,,,,
13.72188622,1008,46,320,14,2020-12-25 14:00:00,,,,
13.72188622,1007,41,318,15,2020-12-25 15:00:00,,,,
11.72188622,1007,54,323,15,2020-12-25 16:00:00,,,,
11.72188622,1008,66,328,15,2020-12-25 17:00:00,,,,
11.72188622,1008,79,333,15,2020-12-25 18:00:00,,,,
11.72188622,1008,78,303,15,2020-12-25 19:00:00,,,,
9.721886217,1009,77,272,14,2020-12-25 20:00:00,,,,
9.721886217,1009,76,241,13,2020-12-25 21:00:00,,,,
7.721886217,1009,76,167,12,2020-12-25 22:00:00,,,,
5.721886217,1009,77,93,10,2020-12-25 23:00:00,,,,
3.721886217,1009,77,19,9,2020-12-26 00:00:00,,,,
7.721886217,1009,75,20,9,2020-12-26 01:00:00,,,,
9.721886217,1009,73,20,9,2020-12-26 02:00:00,,,,
11.72188622,1009,71,20,9,2020-12-26 03:00:00,,,,
11.72188622,1009,71,19,9,2020-12-26 04:00:00,,,,
11.72188622,1009,71,18,10,2020-12-26 05:00:00,,,,
11.72188622,1010,71,17,11,2020-12-26 06:00:00,,,,
11.72188622,1010,71,29,10,2020-12-26 07:00:00,,,,
11.72188622,1010,71,41,9,2020-12-26 08:00:00,,,,
11.72188622,1011,72,52,8,2020-12-26 09:00:00,,,,
13.72188622,1011,73,58,8,2020-12-26 10:00:00,,,,
13.72188622,1010,75,63,7,2020-12-26 11:00:00,,,,
15.72188622,1010,77,68,6,2020-12-26 12:00:00,,,,
15.72188622,1010,79,86,6,2020-12-26 13:00:00,,,,
15.72188622,1009,81,105,6,2020-12-26 14:00:00,,,,
17.72188622,1008,83,124,5,2020-12-26 15:00:00,,,,
15.72188622,1008,81,190,8,2020-12-26 16:00:00,,,,
15.72188622,1008,78,257,10,2020-12-26 17:00:00,,,,
15.72188622,1009,76,324,12,2020-12-26 18:00:00,,,,
15.72188622,1009,76,330,12,2020-12-26 19:00:00,,,,
13.72188622,1010,76,337,12,2020-12-26 20:00:00,,,,
13.72188622,1010,76,344,12,2020-12-26 21:00:00,,,,
13.72188622,1010,59,342,11,2020-12-26 22:00:00,,,,
13.72188622,1010,43,341,11,2020-12-26 23:00:00,,,,
13.72188622,1010,26,340,11,2020-12-27 00:00:00,,,,
13.72188622,1010,27,306,10,2020-12-27 01:00:00,,,,
13.72188622,1009,27,271,9,2020-12-27 02:00:00,,,,
13.72188622,1009,28,236,9,2020-12-27 03:00:00,,,,
13.72188622,1009,28,169,8,2020-12-27 04:00:00,,,,
13.72188622,1010,28,102,7,2020-12-27 05:00:00,,,,
13.72188622,1010,27,35,6,2020-12-27 06:00:00,,,,
13.72188622,1010,24,83,6,2020-12-27 07:00:00,,,,
13.72188622,1011,20,130,5,2020-12-27 08:00:00,,,,
15.72188622,1011,17,177,5,2020-12-27 09:00:00,,,,
15.72188622,1011,16,226,5,2020-12-27 10:00:00,,,,
17.72188622,1011,15,275,5,2020-12-27 11:00:00,,,,
17.72188622,1011,15,324,4,2020-12-27 12:00:00,,,,
17.72188622,1010,16,311,7,2020-12-27 13:00:00,,,,
17.72188622,1009,17,298,9,2020-12-27 14:00:00,,,,
17.72188622,1009,19,284,11,2020-12-27 15:00:00,,,,
17.72188622,1009,27,296,12,2020-12-27 16:00:00,,,,
17.72188622,1009,36,308,12,2020-12-27 17:00:00,,,,
15.72188622,1009,44,320,13,2020-12-27 18:00:00,,,,
13.72188622,1010,55,329,12,2020-12-27 19:00:00,,,,
13.72188622,1010,65,339,11,2020-12-27 20:00:00,,,,
11.72188622,1011,76,349,10,2020-12-27 21:00:00,,,,
11.72188622,1011,72,311,10,2020-12-27 22:00:00,,,,
9.721886217,1011,67,274,9,2020-12-27 23:00:00,,,,
9.721886217,1011,63,237,8,2020-12-28 00:00:00,,,,
11.72188622,1011,50,158,8,2020-12-28 01:00:00,,,,
11.72188622,1011,36,80,9,2020-12-28 02:00:00,,,,
13.72188622,1010,23,2,9,2020-12-28 03:00:00,,,,
13.72188622,1010,23,4,9,2020-12-28 04:00:00,,,,
13.72188622,1011,23,7,8,2020-12-28 05:00:00,,,,
13.72188622,1011,22,10,8,2020-12-28 06:00:00,,,,
13.72188622,1011,20,15,7,2020-12-28 07:00:00,,,,
15.72188622,1012,18,20,7,2020-12-28 08:00:00,,,,
15.72188622,1013,15,25,7,2020-12-28 09:00:00,,,,
15.72188622,1013,16,57,8,2020-12-28 10:00:00,,,,
17.72188622,1013,17,88,8,2020-12-28 11:00:00,,,,
17.72188622,1012,18,119,9,2020-12-28 12:00:00,,,,
17.72188622,1012,18,187,11,2020-12-28 13:00:00,,,,
17.72188622,1011,19,256,13,2020-12-28 14:00:00,,,,
17.72188622,1010,19,324,15,2020-12-28 15:00:00,,,,
17.72188622,1010,18,327,16,2020-12-28 16:00:00,,,,
17.72188622,1011,17,330,17,2020-12-28 17:00:00,,,,
15.72188622,1011,15,333,18,2020-12-28 18:00:00,,,,
15.72188622,1011,15,337,18,2020-12-28 19:00:00,,,,
13.72188622,1012,15,341,18,2020-12-28 20:00:00,,,,
13.72188622,1012,14,345,17,2020-12-28 21:00:00,,,,
13.72188622,1012,17,309,17,2020-12-28 22:00:00,,,,
13.72188622,1012,19,273,16,2020-12-28 23:00:00,,,,
15.72188622,1012,22,237,16,2020-12-29 00:00:00,,,,
13.72188622,1012,22,162,15,2020-12-29 01:00:00,,,,
13.72188622,1011,21,87,14,2020-12-29 02:00:00,,,,
13.72188622,1011,21,12,13,2020-12-29 03:00:00,,,,
13.72188622,1011,18,12,12,2020-12-29 04:00:00,,,,
13.72188622,1012,16,12,12,2020-12-29 05:00:00,,,,
13.72188622,1012,13,12,12,2020-12-29 06:00:00,,,,
13.72188622,1012,12,14,11,2020-12-29 07:00:00,,,,
15.72188622,1013,11,16,10,2020-12-29 08:00:00,,,,
15.72188622,1013,10,17,9,2020-12-29 09:00:00,,,,
17.72188622,1013,9,51,9,2020-12-29 10:00:00,,,,
17.72188622,1013,8,84,9,2020-12-29 11:00:00,,,,
19.72188622,1013,7,118,9,2020-12-29 12:00:00,,,,
19.72188622,1012,6,189,12,2020-12-29 13:00:00,,,,
19.72188622,1011,6,260,15,2020-12-29 14:00:00,,,,
19.72188622,1010,5,332,17,2020-12-29 15:00:00,,,,
17.72188622,1010,6,333,18,2020-12-29 16:00:00,,,,
17.72188622,1010,6,334,19,2020-12-29 17:00:00,,,,
17.72188622,1010,6,335,20,2020-12-29 18:00:00,,,,
15.72188622,1011,6,299,19,2020-12-29 19:00:00,,,,
13.72188622,1011,7,263,19,2020-12-29 20:00:00,,,,
13.72188622,1012,7,227,19,2020-12-29 21:00:00,,,,
11.72188622,1012,7,192,17,2020-12-29 22:00:00,,,,
11.72188622,1012,7,157,14,2020-12-29 23:00:00,,,,
11.72188622,1012,7,122,12,2020-12-30 00:00:00,,,,
11.72188622,1012,7,164,12,2020-12-30 01:00:00,,,,
13.72188622,1012,7,207,12,2020-12-30 02:00:00,,,,
15.72188622,1011,7,249,12,2020-12-30 03:00:00,,,,
15.72188622,1011,7,175,12,2020-12-30 04:00:00,,,,
15.72188622,1012,6,102,11,2020-12-30 05:00:00,,,,
15.72188622,1012,6,28,10,2020-12-30 06:00:00,,,,
15.72188622,1012,6,27,10,2020-12-30 07:00:00,,,,
15.72188622,1013,6,25,10,2020-12-30 08:00:00,,,,
17.72188622,1013,5,24,10,2020-12-30 09:00:00,,,,
17.72188622,1013,5,56,10,2020-12-30 10:00:00,,,,
19.72188622,1012,5,88,11,2020-12-30 11:00:00,,,,
19.72188622,1012,5,121,12,2020-12-30 12:00:00,,,,
19.72188622,1011,5,189,14,2020-12-30 13:00:00,,,,
19.72188622,1011,4,258,16,2020-12-30 14:00:00,,,,
19.72188622,1010,4,326,19,2020-12-30 15:00:00,,,,
19.72188622,1010,4,329,19,2020-12-30 16:00:00,,,,
17.72188622,1010,3,331,20,2020-12-30 17:00:00,,,,
17.72188622,1010,3,334,21,2020-12-30 18:00:00,,,,
17.72188622,1010,3,338,19,2020-12-30 19:00:00,,,,
17.72188622,1011,3,342,18,2020-12-30 20:00:00,,,,
17.72188622,1011,3,345,16,2020-12-30 21:00:00,,,,
13.72188622,1011,3,309,15,2020-12-30 22:00:00,,,,
11.72188622,1011,2,273,14,2020-12-30 23:00:00,,,,
7.721886217,1011,2,236,13,2020-12-31 00:00:00,,,,
11.72188622,1011,3,158,12,2020-12-31 01:00:00,,,,
13.72188622,1011,3,79,11,2020-12-31 02:00:00,,,,
15.72188622,1011,3,1,10,2020-12-31 03:00:00,,,,
15.72188622,1011,3,2,11,2020-12-31 04:00:00,,,,
13.72188622,1011,3,3,11,2020-12-31 05:00:00,,,,
13.72188622,1011,3,4,11,2020-12-31 06:00:00,,,,
13.72188622,1011,3,44,10,2020-12-31 07:00:00,,,,
15.72188622,1012,4,83,9,2020-12-31 08:00:00,,,,
15.72188622,1012,4,123,8,2020-12-31 09:00:00,,,,
15.72188622,1012,4,193,8,2020-12-31 10:00:00,,,,
17.72188622,1012,4,262,9,2020-12-31 11:00:00,,,,
19.72188622,1011,4,332,9,2020-12-31 12:00:00,,,,
19.72188622,1011,2,323,11,2020-12-31 13:00:00,,,,
19.72188622,1010,1,313,13,2020-12-31 14:00:00,,,,
19.72188622,1009,0,304,15,2020-12-31 15:00:00,,,,
17.72188622,1009,0,308,16,2020-12-31 16:00:00,,,,
17.72188622,1009,1,312,16,2020-12-31 17:00:00,,,,
17.72188622,1009,1,316,16,2020-12-31 18:00:00,,,,
15.72188622,1010,2,322,14,2020-12-31 19:00:00,,,,
15.72188622,1010,3,328,12,2020-12-31 20:00:00,,,,
15.72188622,1011,4,334,11,2020-12-31 21:00:00,,,,
15.72188622,1011,5,337,11,2020-12-31 22:00:00,,,,
13.72188622,1011,6,339,12,2020-12-31 23:00:00,,,,
13.72188622,1011,7,342,12,2021-01-01 00:00:00,,,,
13.72188622,1010,6,306,13,2021-01-01 01:00:00,,,,
13.72188622,1010,6,271,13,2021-01-01 02:00:00,,,,
11.72188622,1010,6,235,13,2021-01-01 03:00:00,,,,
11.72188622,1010,5,201,12,2021-01-01 04:00:00,,,,
11.72188622,1010,5,166,10,2021-01-01 05:00:00,,,,
11.72188622,1010,5,132,9,2021-01-01 06:00:00,,,,
11.72188622,1011,5,205,9,2021-01-01 07:00:00,,,,
13.72188622,1011,6,277,9,2021-01-01 08:00:00,,,,
13.72188622,1012,6,350,9,2021-01-01 09:00:00,,,,
13.72188622,1012,6,342,10,2021-01-01 10:00:00,,,,
15.72188622,1011,6,333,11,2021-01-01 11:00:00,,,,
15.72188622,1011,6,325,11,2021-01-01 12:00:00,,,,
15.72188622,1010,6,319,13,2021-01-01 13:00:00,,,,
15.72188622,1010,6,313,15,2021-01-01 14:00:00,,,,
15.72188622,1009,5,307,17,2021-01-01 15:00:00,,,,
15.72188622,1009,5,312,17,2021-01-01 16:00:00,,,,
15.72188622,1009,5,316,16,2021-01-01 17:00:00,,,,
15.72188622,1010,4,320,15,2021-01-01 18:00:00,,,,
13.72188622,1010,4,324,14,2021-01-01 19:00:00,,,,
11.72188622,1010,4,327,13,2021-01-01 20:00:00,,,,
9.721886217,1011,4,331,12,2021-01-01 21:00:00,,,,
7.721886217,1011,3,332,11,2021-01-01 22:00:00,,,,
3.721886217,1010,2,334,11,2021-01-01 23:00:00,,,,
-0.278113783,1010,1,336,10,2021-01-02 00:00:00,,,,
3.721886217,1010,2,301,11,2021-01-02 01:00:00,,,,
7.721886217,1009,2,267,12,2021-01-02 02:00:00,,,,
11.72188622,1009,3,233,13,2021-01-02 03:00:00,,,,
11.72188622,1009,3,158,12,2021-01-02 04:00:00,,,,
11.72188622,1009,3,83,12,2021-01-02 05:00:00,,,,
11.72188622,1009,3,8,11,2021-01-02 06:00:00,,,,
13.72188622,1010,3,49,10,2021-01-02 07:00:00,,,,
13.72188622,1010,3,89,9,2021-01-02 08:00:00,,,,
15.72188622,1011,2,130,7,2021-01-02 09:00:00,,,,
15.72188622,1011,3,199,7,2021-01-02 10:00:00,,,,
17.72188622,1010,3,268,8,2021-01-02 11:00:00,,,,
17.72188622,1010,3,337,8,2021-01-02 12:00:00,,,,
17.72188622,1009,3,326,10,2021-01-02 13:00:00,,,,
17.72188622,1008,3,315,12,2021-01-02 14:00:00,,,,
17.72188622,1008,4,304,15,2021-01-02 15:00:00,,,,
15.72188622,1008,4,308,15,2021-01-02 16:00:00,,,,
15.72188622,1008,4,312,15,2021-01-02 17:00:00,,,,
13.72188622,1008,4,316,15,2021-01-02 18:00:00,,,,
11.72188622,1009,4,323,14,2021-01-02 19:00:00,,,,
7.721886217,1009,4,330,12,2021-01-02 20:00:00,,,,
5.721886217,1010,4,337,10,2021-01-02 21:00:00,,,,
5.721886217,1010,6,338,10,2021-01-02 22:00:00,,,,
5.721886217,1010,7,340,9,2021-01-02 23:00:00,,,,
5.721886217,1010,9,342,9,2021-01-03 00:00:00,,,,
7.721886217,1009,9,344,9,2021-01-03 01:00:00,,,,
9.721886217,1009,9,345,10,2021-01-03 02:00:00,,,,
11.72188622,1009,9,347,10,2021-01-03 03:00:00,,,,
11.72188622,1009,9,312,10,2021-01-03 04:00:00,,,,
11.72188622,1009,9,276,9,2021-01-03 05:00:00,,,,
11.72188622,1009,9,241,9,2021-01-03 06:00:00,,,,
11.72188622,1010,10,199,8,2021-01-03 07:00:00,,,,
13.72188622,1010,10,157,7,2021-01-03 08:00:00,,,,
13.72188622,1011,11,115,6,2021-01-03 09:00:00,,,,
13.72188622,1011,12,180,7,2021-01-03 10:00:00,,,,
15.72188622,1010,13,245,7,2021-01-03 11:00:00,,,,
15.72188622,1010,15,310,8,2021-01-03 12:00:00,,,,
15.72188622,1010,15,301,10,2021-01-03 13:00:00,,,,
15.72188622,1009,15,292,12,2021-01-03 14:00:00,,,,
15.72188622,1009,16,284,13,2021-01-03 15:00:00,,,,
15.72188622,1009,15,287,13,2021-01-03 16:00:00,,,,
15.72188622,1009,14,290,12,2021-01-03 17:00:00,,,,
13.72188622,1009,13,294,11,2021-01-03 18:00:00,,,,
11.72188622,1010,12,296,10,2021-01-03 19:00:00,,,,
9.721886217,1011,11,299,9,2021-01-03 20:00:00,,,,
9.721886217,1011,10,301,7,2021-01-03 21:00:00,,,,
7.721886217,1011,8,297,6,2021-01-03 22:00:00,,,,
5.721886217,1011,6,293,6,2021-01-03 23:00:00,,,,
3.721886217,1011,4,289,5,2021-01-04 00:00:00,,,,
7.721886217,1011,4,300,6,2021-01-04 01:00:00,,,,
9.721886217,1010,5,310,6,2021-01-04 02:00:00,,,,
13.72188622,1010,6,320,7,2021-01-04 03:00:00,,,,
13.72188622,1010,6,291,8,2021-01-04 04:00:00,,,,
11.72188622,1011,7,261,9,2021-01-04 05:00:00,,,,
11.72188622,1011,8,231,11,2021-01-04 06:00:00,,,,
11.72188622,1012,9,193,10,2021-01-04 07:00:00,,,,
11.72188622,1012,10,154,10,2021-01-04 08:00:00,,,,
11.72188622,1013,11,116,10,2021-01-04 09:00:00,,,,
13.72188622,1013,12,187,10,2021-01-04 10:00:00,,,,
13.72188622,1012,12,258,10,2021-01-04 11:00:00,,,,
15.72188622,1012,13,329,11,2021-01-04 12:00:00,,,,
15.72188622,1012,13,321,13,2021-01-04 13:00:00,,,,
15.72188622,1011,13,313,15,2021-01-04 14:00:00,,,,
15.72188622,1010,13,306,17,2021-01-04 15:00:00,,,,
13.72188622,1010,12,311,17,2021-01-04 16:00:00,,,,
13.72188622,1011,11,316,17,2021-01-04 17:00:00,,,,
13.72188622,1011,11,321,16,2021-01-04 18:00:00,,,,
11.72188622,1011,10,327,15,2021-01-04 19:00:00,,,,
9.721886217,1011,8,332,13,2021-01-04 20:00:00,,,,
7.721886217,1012,7,338,12,2021-01-04 21:00:00,,,,
7.721886217,1012,8,264,11,2021-01-04 22:00:00,,,,
7.721886217,1011,9,191,9,2021-01-04 23:00:00,,,,
9.721886217,1011,9,118,8,2021-01-05 00:00:00,,,,
11.72188622,1011,10,194,8,2021-01-05 01:00:00,,,,
11.72188622,1010,11,269,9,2021-01-05 02:00:00,,,,
13.72188622,1010,12,345,9,2021-01-05 03:00:00,,,,
13.72188622,1010,12,308,11,2021-01-05 04:00:00,,,,
13.72188622,1011,13,271,12,2021-01-05 05:00:00,,,,
11.72188622,1011,13,233,14,2021-01-05 06:00:00,,,,
13.72188622,1012,12,157,13,2021-01-05 07:00:00,,,,
13.72188622,1012,11,81,12,2021-01-05 08:00:00,,,,
13.72188622,1013,10,4,10,2021-01-05 09:00:00,,,,
15.72188622,1013,10,38,10,2021-01-05 10:00:00,,,,
17.72188622,1012,9,72,9,2021-01-05 11:00:00,,,,
17.72188622,1012,8,106,8,2021-01-05 12:00:00,,,,
17.72188622,1011,8,175,11,2021-01-05 13:00:00,,,,
17.72188622,1011,8,245,14,2021-01-05 14:00:00,,,,
17.72188622,1010,8,314,17,2021-01-05 15:00:00,,,,
15.72188622,1010,6,319,17,2021-01-05 16:00:00,,,,
15.72188622,1010,5,323,18,2021-01-05 17:00:00,,,,
15.72188622,1010,4,327,18,2021-01-05 18:00:00,,,,
11.72188622,1011,4,295,16,2021-01-05 19:00:00,,,,
9.721886217,1011,4,263,15,2021-01-05 20:00:00,,,,
7.721886217,1012,4,231,13,2021-01-05 21:00:00,,,,
7.721886217,1012,4,196,12,2021-01-05 22:00:00,,,,
5.721886217,1012,5,161,12,2021-01-05 23:00:00,,,,
3.721886217,1012,5,127,11,2021-01-06 00:00:00,,,,
7.721886217,1012,5,163,12,2021-01-06 01:00:00,,,,
9.721886217,1012,6,199,12,2021-01-06 02:00:00,,,,
13.72188622,1011,6,235,13,2021-01-06 03:00:00,,,,
13.72188622,1012,5,157,14,2021-01-06 04:00:00,,,,
11.72188622,1012,5,80,14,2021-01-06 05:00:00,,,,
11.72188622,1012,4,2,15,2021-01-06 06:00:00,,,,
13.72188622,1013,4,43,14,2021-01-06 07:00:00,,,,
13.72188622,1013,3,83,13,2021-01-06 08:00:00,,,,
13.72188622,1014,3,124,12,2021-01-06 09:00:00,,,,
15.72188622,1013,3,197,12,2021-01-06 10:00:00,,,,
17.72188622,1013,2,271,12,2021-01-06 11:00:00,,,,
19.72188622,1013,2,345,12,2021-01-06 12:00:00,,,,
17.72188622,1012,1,338,14,2021-01-06 13:00:00,,,,
17.72188622,1012,1,330,17,2021-01-06 14:00:00,,,,
17.72188622,1011,0,322,19,2021-01-06 15:00:00,,,,
17.72188622,1011,0,325,19,2021-01-06 16:00:00,,,,
15.72188622,1011,0,327,19,2021-01-06 17:00:00,,,,
15.72188622,1012,0,329,19,2021-01-06 18:00:00,,,,
11.72188622,1012,0,334,17,2021-01-06 19:00:00,,,,
9.721886217,1013,0,338,15,2021-01-06 20:00:00,,,,
7.721886217,1013,0,343,13,2021-01-06 21:00:00,,,,
5.721886217,1013,0,345,12,2021-01-06 22:00:00,,,,
5.721886217,1013,0,348,12,2021-01-06 23:00:00,,,,
3.721886217,1013,0,350,11,2021-01-07 00:00:00,,,,
7.721886217,1013,0,351,12,2021-01-07 01:00:00,,,,
9.721886217,1013,0,352,13,2021-01-07 02:00:00,,,,
13.72188622,1012,0,352,14,2021-01-07 03:00:00,,,,
13.72188622,1012,0,317,14,2021-01-07 04:00:00,,,,
11.72188622,1013,0,281,14,2021-01-07 05:00:00,,,,
11.72188622,1013,0,245,14,2021-01-07 06:00:00,,,,
11.72188622,1013,0,168,13,2021-01-07 07:00:00,,,,
13.72188622,1014,0,91,12,2021-01-07 08:00:00,,,,
13.72188622,1014,0,14,11,2021-01-07 09:00:00,,,,
15.72188622,1014,0,46,11,2021-01-07 10:00:00,,,,
17.72188622,1014,0,78,11,2021-01-07 11:00:00,,,,
17.72188622,1014,0,110,12,2021-01-07 12:00:00,,,,
17.72188622,1013,0,179,14,2021-01-07 13:00:00,,,,
17.72188622,1012,0,248,16,2021-01-07 14:00:00,,,,
17.72188622,1011,0,317,18,2021-01-07 15:00:00,,,,
15.72188622,1012,0,322,18,2021-01-07 16:00:00,,,,
13.72188622,1012,0,326,19,2021-01-07 17:00:00,,,,
13.72188622,1012,0,330,19,2021-01-07 18:00:00,,,,
11.72188622,1012,0,297,18,2021-01-07 19:00:00,,,,
9.721886217,1013,0,263,17,2021-01-07 20:00:00,,,,
7.721886217,1013,0,229,15,2021-01-07 21:00:00,,,,
5.721886217,1013,0,194,14,2021-01-07 22:00:00,,,,
3.721886217,1013,0,158,13,2021-01-07 23:00:00,,,,
1.721886217,1013,0,123,12,2021-01-08 00:00:00,,,,
5.721886217,1012,0,162,12,2021-01-08 01:00:00,,,,
9.721886217,1012,0,202,12,2021-01-08 02:00:00,,,,
13.72188622,1012,0,241,12,2021-01-08 03:00:00,,,,
11.72188622,1012,0,166,12,2021-01-08 04:00:00,,,,
11.72188622,1012,0,91,11,2021-01-08 05:00:00,,,,
11.72188622,1012,0,16,11,2021-01-08 06:00:00,,,,
11.72188622,1013,0,19,10,2021-01-08 07:00:00,,,,
13.72188622,1013,0,22,9,2021-01-08 08:00:00,,,,
13.72188622,1013,0,25,8,2021-01-08 09:00:00,,,,
15.72188622,1013,0,55,8,2021-01-08 10:00:00,,,,
17.72188622,1013,0,85,8,2021-01-08 11:00:00,,,,
19.72188622,1012,0,114,8,2021-01-08 12:00:00,,,,
19.72188622,1011,0,179,11,2021-01-08 13:00:00,,,,
19.72188622,1011,0,243,13,2021-01-08 14:00:00,,,,
19.72188622,1010,0,307,15,2021-01-08 15:00:00,,,,
17.72188622,1010,0,312,16,2021-01-08 16:00:00,,,,
15.72188622,1010,0,317,16,2021-01-08 17:00:00,,,,
13.72188622,1010,0,321,17,2021-01-08 18:00:00,,,,
11.72188622,1010,0,328,15,2021-01-08 19:00:00,,,,
9.721886217,1011,0,336,13,2021-01-08 20:00:00,,,,
7.721886217,1011,0,343,11,2021-01-08 21:00:00,,,,
7.721886217,1011,0,345,11,2021-01-08 22:00:00,,,,
7.721886217,1011,0,348,10,2021-01-08 23:00:00,,,,
9.721886217,1011,0,351,10,2021-01-09 00:00:00,,,,
11.72188622,1011,0,349,11,2021-01-09 01:00:00,,,,
13.72188622,1011,0,348,11,2021-01-09 02:00:00,,,,
15.72188622,1011,0,347,12,2021-01-09 03:00:00,,,,
15.72188622,1011,0,309,12,2021-01-09 04:00:00,,,,
13.72188622,1011,0,272,13,2021-01-09 05:00:00,,,,
13.72188622,1011,0,234,13,2021-01-09 06:00:00,,,,
13.72188622,1012,0,197,12,2021-01-09 07:00:00,,,,
13.72188622,1012,0,160,12,2021-01-09 08:00:00,,,,
15.72188622,1013,0,123,11,2021-01-09 09:00:00,,,,
15.72188622,1013,0,193,11,2021-01-09 10:00:00,,,,
17.72188622,1013,0,263,11,2021-01-09 11:00:00,,,,
19.72188622,1012,0,333,11,2021-01-09 12:00:00,,,,
17.72188622,1012,0,324,13,2021-01-09 13:00:00,,,,
17.72188622,1011,0,314,14,2021-01-09 14:00:00,,,,
17.72188622,1010,0,304,16,2021-01-09 15:00:00,,,,
17.72188622,1010,0,308,16,2021-01-09 16:00:00,,,,
17.72188622,1010,0,312,17,2021-01-09 17:00:00,,,,
15.72188622,1010,0,315,17,2021-01-09 18:00:00,,,,
15.72188622,1011,0,319,16,2021-01-09 19:00:00,,,,
15.72188622,1011,0,323,16,2021-01-09 20:00:00,,,,
15.72188622,1012,0,327,15,2021-01-09 21:00:00,,,,
13.72188622,1012,0,333,14,2021-01-09 22:00:00,,,,
11.72188622,1012,1,340,13,2021-01-09 23:00:00,,,,
9.721886217,1012,1,347,12,2021-01-10 00:00:00,,,,
11.72188622,1012,1,350,12,2021-01-10 01:00:00,,,,
13.72188622,1011,0,353,11,2021-01-10 02:00:00,,,,
13.72188622,1011,0,357,11,2021-01-10 03:00:00,,,,
13.72188622,1011,0,319,11,2021-01-10 04:00:00,,,,
13.72188622,1012,0,282,12,2021-01-10 05:00:00,,,,
11.72188622,1012,0,245,12,2021-01-10 06:00:00,,,,
13.72188622,1012,0,205,11,2021-01-10 07:00:00,,,,
13.72188622,1013,0,166,9,2021-01-10 08:00:00,,,,
15.72188622,1014,0,126,8,2021-01-10 09:00:00,,,,
15.72188622,1013,0,193,8,2021-01-10 10:00:00,,,,
17.72188622,1013,0,260,9,2021-01-10 11:00:00,,,,
17.72188622,1013,0,327,9,2021-01-10 12:00:00,,,,
17.72188622,1012,0,321,12,2021-01-10 13:00:00,,,,
17.72188622,1012,0,314,14,2021-01-10 14:00:00,,,,
15.72188622,1011,0,308,17,2021-01-10 15:00:00,,,,
15.72188622,1012,0,313,17,2021-01-10 16:00:00,,,,
13.72188622,1012,0,318,16,2021-01-10 17:00:00,,,,
13.72188622,1012,0,324,16,2021-01-10 18:00:00,,,,
11.72188622,1012,0,330,15,2021-01-10 19:00:00,,,,
9.721886217,1013,0,336,13,2021-01-10 20:00:00,,,,
5.721886217,1013,0,342,12,2021-01-10 21:00:00,,,,
5.721886217,1013,0,346,12,2021-01-10 22:00:00,,,,
5.721886217,1013,0,350,11,2021-01-10 23:00:00,,,,
5.721886217,1013,0,354,11,2021-01-11 00:00:00,,,,
7.721886217,1013,0,317,11,2021-01-11 01:00:00,,,,
11.72188622,1013,0,280,11,2021-01-11 02:00:00,,,,
15.72188622,1012,0,242,12,2021-01-11 03:00:00,,,,
13.72188622,1012,0,165,11,2021-01-11 04:00:00,,,,
13.72188622,1013,0,89,11,2021-01-11 05:00:00,,,,
13.72188622,1013,0,12,11,2021-01-11 06:00:00,,,,
13.72188622,1013,0,11,10,2021-01-11 07:00:00,,,,
13.72188622,1014,0,11,9,2021-01-11 08:00:00,,,,
15.72188622,1015,0,11,9,2021-01-11 09:00:00,,,,
15.72188622,1014,0,42,9,2021-01-11 10:00:00,,,,
17.72188622,1014,0,73,9,2021-01-11 11:00:00,,,,
19.72188622,1014,0,105,10,2021-01-11 12:00:00,,,,
17.72188622,1013,0,174,13,2021-01-11 13:00:00,,,,
17.72188622,1013,0,244,16,2021-01-11 14:00:00,,,,
17.72188622,1012,0,314,19,2021-01-11 15:00:00,,,,
15.72188622,1012,0,317,18,2021-01-11 16:00:00,,,,
15.72188622,1012,0,321,18,2021-01-11 17:00:00,,,,
13.72188622,1012,0,325,18,2021-01-11 18:00:00,,,,
11.72188622,1013,0,331,17,2021-01-11 19:00:00,,,,
9.721886217,1013,0,336,16,2021-01-11 20:00:00,,,,
7.721886217,1013,0,342,14,2021-01-11 21:00:00,,,,
5.721886217,1013,0,230,14,2021-01-11 22:00:00,,,,
3.721886217,1013,0,118,13,2021-01-11 23:00:00,,,,
1.721886217,1013,0,5,12,2021-01-12 00:00:00,,,,
5.721886217,1013,0,6,12,2021-01-12 01:00:00,,,,
9.721886217,1013,0,6,12,2021-01-12 02:00:00,,,,
13.72188622,1012,0,7,13,2021-01-12 03:00:00,,,,
13.72188622,1012,0,7,13,2021-01-12 04:00:00,,,,
11.72188622,1012,0,7,13,2021-01-12 05:00:00,,,,
11.72188622,1013,0,8,13,2021-01-12 06:00:00,,,,
11.72188622,1013,0,48,12,2021-01-12 07:00:00,,,,
11.72188622,1013,0,89,12,2021-01-12 08:00:00,,,,
13.72188622,1014,0,130,11,2021-01-12 09:00:00,,,,
13.72188622,1014,0,201,11,2021-01-12 10:00:00,,,,
15.72188622,1013,0,272,11,2021-01-12 11:00:00,,,,
17.72188622,1013,0,344,12,2021-01-12 12:00:00,,,,
15.72188622,1012,0,335,14,2021-01-12 13:00:00,,,,
15.72188622,1012,0,327,17,2021-01-12 14:00:00,,,,
13.72188622,1011,0,319,20,2021-01-12 15:00:00,,,,
13.72188622,1011,0,323,20,2021-01-12 16:00:00,,,,
11.72188622,1011,0,327,20,2021-01-12 17:00:00,,,,
11.72188622,1011,0,330,20,2021-01-12 18:00:00,,,,
7.721886217,1012,0,335,19,2021-01-12 19:00:00,,,,
5.721886217,1012,0,340,17,2021-01-12 20:00:00,,,,
3.721886217,1013,0,345,15,2021-01-12 21:00:00,,,,
1.721886217,1013,0,231,15,2021-01-12 22:00:00,,,,
1.721886217,1013,0,116,14,2021-01-12 23:00:00,,,,
1.721886217,1013,0,1,13,2021-01-13 00:00:00,,,,
5.721886217,1012,0,2,13,2021-01-13 01:00:00,,,,
7.721886217,1012,0,3,14,2021-01-13 02:00:00,,,,
11.72188622,1011,0,4,14,2021-01-13 03:00:00,,,,
9.721886217,1012,0,6,14,2021-01-13 04:00:00,,,,
9.721886217,1012,0,8,14,2021-01-13 05:00:00,,,,
7.721886217,1012,0,10,14,2021-01-13 06:00:00,,,,
9.721886217,1013,0,50,13,2021-01-13 07:00:00,,,,
9.721886217,1013,0,89,12,2021-01-13 08:00:00,,,,
11.72188622,1014,0,128,12,2021-01-13 09:00:00,,,,
11.72188622,1013,0,199,12,2021-01-13 10:00:00,,,,
13.72188622,1013,0,270,12,2021-01-13 11:00:00,,,,
15.72188622,1013,0,341,13,2021-01-13 12:00:00,,,,
15.72188622,1012,0,332,15,2021-01-13 13:00:00,,,,
13.72188622,1011,0,324,17,2021-01-13 14:00:00,,,,
13.72188622,1011,0,315,19,2021-01-13 15:00:00,,,,
13.72188622,1011,0,318,19,2021-01-13 16:00:00,,,,
11.72188622,1011,0,322,19,2021-01-13 17:00:00,,,,
11.72188622,1011,0,325,18,2021-01-13 18:00:00,,,,
9.721886217,1012,0,331,17,2021-01-13 19:00:00,,,,
7.721886217,1012,0,337,16,2021-01-13 20:00:00,,,,
5.721886217,1013,0,343,15,2021-01-13 21:00:00,,,,
5.721886217,1013,0,270,14,2021-01-13 22:00:00,,,,
5.721886217,1013,0,196,14,2021-01-13 23:00:00,,,,
5.721886217,1013,0,123,13,2021-01-14 00:00:00,,,,
7.721886217,1012,0,200,13,2021-01-14 01:00:00,,,,
9.721886217,1012,0,278,13,2021-01-14 02:00:00,,,,
11.72188622,1012,0,356,13,2021-01-14 03:00:00,,,,
11.72188622,1012,0,318,13,2021-01-14 04:00:00,,,,
9.721886217,1012,0,281,13,2021-01-14 05:00:00,,,,
9.721886217,1012,0,244,13,2021-01-14 06:00:00,,,,
9.721886217,1013,0,205,13,2021-01-14 07:00:00,,,,
9.721886217,1014,0,166,13,2021-01-14 08:00:00,,,,
11.72188622,1014,0,128,12,2021-01-14 09:00:00,,,,
11.72188622,1014,0,197,14,2021-01-14 10:00:00,,,,
11.72188622,1014,0,266,15,2021-01-14 11:00:00,,,,
13.72188622,1014,0,335,17,2021-01-14 12:00:00,,,,
13.72188622,1013,0,331,19,2021-01-14 13:00:00,,,,
11.72188622,1012,0,328,21,2021-01-14 14:00:00,,,,
11.72188622,1012,0,324,23,2021-01-14 15:00:00,,,,
11.72188622,1012,0,326,22,2021-01-14 16:00:00,,,,
11.72188622,1012,0,328,22,2021-01-14 17:00:00,,,,
11.72188622,1012,0,330,21,2021-01-14 18:00:00,,,,
11.72188622,1013,0,297,20,2021-01-14 19:00:00,,,,
9.721886217,1013,0,264,18,2021-01-14 20:00:00,,,,
7.721886217,1014,0,231,17,2021-01-14 21:00:00,,,,
7.721886217,1014,0,157,16,2021-01-14 22:00:00,,,,
5.721886217,1013,0,84,15,2021-01-14 23:00:00,,,,
5.721886217,1013,0,10,14,2021-01-15 00:00:00,,,,
5.721886217,1013,0,9,14,2021-01-15 01:00:00,,,,
7.721886217,1013,0,8,14,2021-01-15 02:00:00,,,,
9.721886217,1012,0,8,15,2021-01-15 03:00:00,,,,
9.721886217,1013,0,12,14,2021-01-15 04:00:00,,,,
9.721886217,1013,0,17,14,2021-01-15 05:00:00,,,,
7.721886217,1013,0,22,13,2021-01-15 06:00:00,,,,
9.721886217,1014,0,24,11,2021-01-15 07:00:00,,,,
11.72188622,1014,0,25,10,2021-01-15 08:00:00,,,,
11.72188622,1015,0,27,8,2021-01-15 09:00:00,,,,
13.72188622,1014,0,55,8,2021-01-15 10:00:00,,,,
15.72188622,1014,0,84,8,2021-01-15 11:00:00,,,,
17.72188622,1014,0,112,8,2021-01-15 12:00:00,,,,
17.72188622,1013,1,175,11,2021-01-15 13:00:00,,,,
17.72188622,1013,1,238,13,2021-01-15 14:00:00,,,,
17.72188622,1012,1,301,15,2021-01-15 15:00:00,,,,
17.72188622,1012,1,307,15,2021-01-15 16:00:00,,,,
17.72188622,1012,0,313,15,2021-01-15 17:00:00,,,,
17.72188622,1012,0,318,15,2021-01-15 18:00:00,,,,
15.72188622,1013,0,290,14,2021-01-15 19:00:00,,,,
13.72188622,1013,0,262,13,2021-01-15 20:00:00,,,,
11.72188622,1014,0,233,12,2021-01-15 21:00:00,,,,
9.721886217,1014,1,160,11,2021-01-15 22:00:00,,,,
7.721886217,1014,2,87,11,2021-01-15 23:00:00,,,,
,,,,,,,,,
,,,,,,,,,
,,,,,,,,,
,,,,,,,,,
,,,,,,,,,
,,,,,,,,,
,,,,,,,,,
,,,,,,,,,
,,,,,,,,,
,,,,,,,,,
,,,,,,,,,
,,,,,,,,,
,,,,,,,,,
,,,,,,,,,
,,,,,,,,,
,,,,,,,,,
,,,,,,,,,
,,,,,,,,,
,,,,,,,,,
,,,,,,,,,
,,,,,,,,,
,,,,,,,,,
,,,,,,,,,
,,,,,,,,,
,,,,,,,,,
,,,,,,,,,
,,,,,,,,,
,,,,,,,,,
,,,,,,,,,
,,,,,,,,,
,,,,,,,,,
,,,,,,,,,
,,,,,,,,,
,,,,,,,,,
,,,,,,,,,
,,,,,,,,,
,,,,,,,,,
,,,,,,,,,
,,,,,,,,,
,,,,,,,,,
,,,,,,,,,
,,,,,,,,,
,,,,,,,,,
,,,,,,,,,
,,,,,,,,,
,,,,,,,,,
,,,,,,,,,
,,,,,,,,,
,,,,,,,,,
,,,,,,,,,
,,,,,,,,,
,,,,,,,,,
,,,,,,,,,
,,,,,,,,,
,,,,,,,,,
,,,,,,,,,
,,,,,,,,,
,,,,,,,,,
,,,,,,,,,
,,,,,,,,,
,,,,,,,,,
,,,,,,,,,
,,,,,,,,,
,,,,,,,,,
,,,,,,,,,
,,,,,,,,,
,,,,,,,,,
,,,,,,,,,
,,,,,,,,,
,,,,,,,,,
,,,,,,,,,
,,,,,,,,,
,,,,,,,,,
,,,,,,,,,
,,,,,,,,,
,,,,,,,,,
,,,,,,,,,
,,,,,,,,,
,,,,,,,,,
,,,,,,,,,
,,,,,,,,,
,,,,,,,,,
,,,,,,,,,
,,,,,,,,,
,,,,,,,,,
,,,,,,,,,
,,,,,,,,,
,,,,,,,,,
,,,,,,,,,
,,,,,,,,,
,,,,,,,,,
,,,,,,,,,
,,,,,,,,,
,,,,,,,,,
,,,,,,,,,
,,,,,,,,,
,,,,,,,,,
,,,,,,,,,
,,,,,,,,,
,,,,,,,,,
,,,,,,,,,
,,,,,,,,,
,,,,,,,,,
,,,,,,,,,
,,,,,,,,,
,,,,,,,,,
,,,,,,,,,
,,,,,,,,,
,,,,,,,,,
,,,,,,,,,
,,,,,,,,,
,,,,,,,,,
,,,,,,,,,
,,,,,,,,,
,,,,,,,,,
,,,,,,,,,
,,,,,,,,,
,,,,,,,,,
,,,,,,,,,
,,,,,,,,,
,,,,,,,,,
,,,,,,,,,
,,,,,,,,,
,,,,,,,,,
,,,,,,,,,
,,,,,,,,,
,,,,,,,,,
,,,,,,,,,
,,,,,,,,,
,,,,,,,,,
,,,,,,,,,
,,,,,,,,,
,,,,,,,,,
,,,,,,,,,
,,,,,,,,,
,,,,,,,,,
,,,,,,,,,
,,,,,,,,,
,,,,,,,,,
,,,,,,,,,
,,,,,,,,,
,,,,,,,,,
,,,,,,,,,
,,,,,,,,,
,,,,,,,,,
,,,,,,,,,
,,,,,,,,,
,,,,,,,,,
,,,,,,,,,
,,,,,,,,,
,,,,,,,,,
,,,,,,,,,
,,,,,,,,,
,,,,,,,,,
,,,,,,,,,
,,,,,,,,,
,,,,,,,,,
,,,,,,,,,
,,,,,,,,,
,,,,,,,,,
,,,,,,,,,
,,,,,,,,,
,,,,,,,,,
,,,,,,,,,
,,,,,,,,,
,,,,,,,,,
,,,,,,,,,
,,,,,,,,,
,,,,,,,,,
,,,,,,,,,
,,,,,,,,,
,,,,,,,,,
,,,,,,,,,
,,,,,,,,,
,,,,,,,,,
,,,,,,,,,
,,,,,,,,,
,,,,,,,,,
,,,,,,,,,
,,,,,,,,,
,,,,,,,,,
,,,,,,,,,
,,,,,,,,,
,,,,,,,,,
,,,,,,,,,
,,,,,,,,,
,,,,,,,,,
,,,,,,,,,
,,,,,,,,,
,,,,,,,,,
,,,,,,,,,
,,,,,,,,,
,,,,,,,,,
,,,,,,,,,
,,,,,,,,,
,,,,,,,,,
,,,,,,,,,
,,,,,,,,,
,,,,,,,,,
,,,,,,,,,
,,,,,,,,,
,,,,,,,,,
,,,,,,,,,
,,,,,,,,,
,,,,,,,,,
,,,,,,,,,
,,,,,,,,,
,,,,,,,,,
,,,,,,,,,
,,,,,,,,,
,,,,,,,,,
,,,,,,,,,
,,,,,,,,,
,,,,,,,,,
,,,,,,,,,
,,,,,,,,,
,,,,,,,,,
,,,,,,,,,
,,,,,,,,,
,,,,,,,,,
,,,,,,,,,
,,,,,,,,,
,,,,,,,,,
,,,,,,,,,
,,,,,,,,,
,,,,,,,,,
,,,,,,,,,
,,,,,,,,,
,,,,,,,,,
,,,,,,,,,
,,,,,,,,,
,,,,,,,,,
,,,,,,,,,
,,,,,,,,,
,,,,,,,,,
,,,,,,,,,
,,,,,,,,,
,,,,,,,,,
,,,,,,,,,
,,,,,,,,,
,,,,,,,,,
,,,,,,,,,
,,,,,,,,,
,,,,,,,,,
,,,,,,,,,
,,,,,,,,,
,,,,,,,,,
,,,,,,,,,
,,,,,,,,,
,,,,,,,,,
,,,,,,,,,
,,,,,,,,,
,,,,,,,,,
,,,,,,,,,
,,,,,,,,,
,,,,,,,,,
,,,,,,,,,
,,,,,,,,,
,,,,,,,,,
,,,,,,,,,
,,,,,,,,,
,,,,,,,,,
,,,,,,,,,
,,,,,,,,,
,,,,,,,,,
,,,,,,,,,
,,,,,,,,,
,,,,,,,,,
,,,,,,,,,
,,,,,,,,,
,,,,,,,,,
,,,,,,,,,
,,,,,,,,,
,,,,,,,,,
,,,,,,,,,
,,,,,,,,,
,,,,,,,,,
,,,,,,,,,
,,,,,,,,,
,,,,,,,,,
,,,,,,,,,
,,,,,,,,,
,,,,,,,,,
,,,,,,,,,
,,,,,,,,,
,,,,,,,,,
,,,,,,,,,
,,,,,,,,,
,,,,,,,,,
,,,,,,,,,
,,,,,,,,,
,,,,,,,,,
,,,,,,,,,
,,,,,,,,,
,,,,,,,,,
,,,,,,,,,
,,,,,,,,,
,,,,,,,,,
,,,,,,,,,
,,,,,,,,,
,,,,,,,,,
,,,,,,,,,
,,,,,,,,,
,,,,,,,,,
,,,,,,,,,
,,,,,,,,,
,,,,,,,,,
,,,,,,,,,
,,,,,,,,,
,,,,,,,,,
,,,,,,,,,
,,,,,,,,,
,,,,,,,,,
,,,,,,,,,
,,,,,,,,,
,,,,,,,,,
,,,,,,,,,
,,,,,,,,,
,,,,,,,,,
,,,,,,,,,
,,,,,,,,,
,,,,,,,,,
,,,,,,,,,
,,,,,,,,,
,,,,,,,,,
,,,,,,,,,
,,,,,,,,,
,,,,,,,,,
,,,,,,,,,
,,,,,,,,,
,,,,,,,,,
,,,,,,,,,
,,,,,,,,,
,,,,,,,,,
,,,,,,,,,
,,,,,,,,,
,,,,,,,,,
,,,,,,,,,
,,,,,,,,,
,,,,,,,,,
,,,,,,,,,
,,,,,,,,,
,,,,,,,,,
,,,,,,,,,
,,,,,,,,,
,,,,,,,,,
,,,,,,,,,
,,,,,,,,,
,,,,,,,,,
,,,,,,,,,
,,,,,,,,,
,,,,,,,,,
,,,,,,,,,
,,,,,,,,,
,,,,,,,,,
,,,,,,,,,
,,,,,,,,,
,,,,,,,,,
,,,,,,,,,
,,,,,,,,,
,,,,,,,,,
,,,,,,,,,
,,,,,,,,,
,,,,,,,,,
,,,,,,,,,
,,,,,,,,,
,,,,,,,,,
,,,,,,,,,
,,,,,,,,,
,,,,,,,,,
,,,,,,,,,
,,,,,,,,,
,,,,,,,,,
,,,,,,,,,
,,,,,,,,,
,,,,,,,,,
,,,,,,,,,
,,,,,,,,,
,,,,,,,,,
,,,,,,,,,
,,,,,,,,,
,,,,,,,,,
,,,,,,,,,
,,,,,,,,,
,,,,,,,,,
,,,,,,,,,
,,,,,,,,,
,,,,,,,,,
,,,,,,,,,
,,,,,,,,,
,,,,,,,,,
,,,,,,,,,
,,,,,,,,,
,,,,,,,,,
,,,,,,,,,
,,,,,,,,,
,,,,,,,,,
,,,,,,,,,
,,,,,,,,,
,,,,,,,,,
,,,,,,,,,
,,,,,,,,,
,,,,,,,,,
,,,,,,,,,
,,,,,,,,,
,,,,,,,,,
,,,,,,,,,
,,,,,,,,,
,,,,,,,,,
,,,,,,,,,
,,,,,,,,,
,,,,,,,,,
,,,,,,,,,
,,,,,,,,,
,,,,,,,,,
,,,,,,,,,
,,,,,,,,,
,,,,,,,,,
,,,,,,,,,
,,,,,,,,,
,,,,,,,,,
,,,,,,,,,
,,,,,,,,,
,,,,,,,,,
,,,,,,,,,
,,,,,,,,,
,,,,,,,,,
,,,,,,,,,
,,,,,,,,,
,,,,,,,,,
,,,,,,,,,
,,,,,,,,,
,,,,,,,,,
,,,,,,,,,
,,,,,,,,,
,,,,,,,,,
,,,,,,,,,
,,,,,,,,,
,,,,,,,,,
,,,,,,,,,
,,,,,,,,,
,,,,,,,,,
,,,,,,,,,
,,,,,,,,,
,,,,,,,,,
,,,,,,,,,
,,,,,,,,,
,,,,,,,,,
,,,,,,,,,
,,,,,,,,,
,,,,,,,,,
,,,,,,,,,
,,,,,,,,,
,,,,,,,,,
,,,,,,,,,
,,,,,,,,,
,,,,,,,,,
,,,,,,,,,
,,,,,,,,,
,,,,,,,,,
,,,,,,,,,
,,,,,,,,,
,,,,,,,,,
,,,,,,,,,
,,,,,,,,,
,,,,,,,,,
,,,,,,,,,
,,,,,,,,,
,,,,,,,,,
,,,,,,,,,
,,,,,,,,,
,,,,,,,,,
,,,,,,,,,
,,,,,,,,,
,,,,,,,,,
,,,,,,,,,
,,,,,,,,,
,,,,,,,,,
,,,,,,,,,
,,,,,,,,,
,,,,,,,,,
,,,,,,,,,
,,,,,,,,,
,,,,,,,,,
,,,,,,,,,
,,,,,,,,,
,,,,,,,,,
,,,,,,,,,
,,,,,,,,,
,,,,,,,,,
,,,,,,,,,
,,,,,,,,,
,,,,,,,,,
,,,,,,,,,
,,,,,,,,,
,,,,,,,,,
,,,,,,,,,
,,,,,,,,,
,,,,,,,,,
,,,,,,,,,
,,,,,,,,,
,,,,,,,,,
,,,,,,,,,
,,,,,,,,,
,,,,,,,,,
,,,,,,,,,
,,,,,,,,,
,,,,,,,,,
,,,,,,,,,
,,,,,,,,,
,,,,,,,,,
,,,,,,,,,
,,,,,,,,,
,,,,,,,,,
,,,,,,,,,
,,,,,,,,,
,,,,,,,,,
,,,,,,,,,
,,,,,,,,,
,,,,,,,,,
,,,,,,,,,
,,,,,,,,,
,,,,,,,,,
,,,,,,,,,
,,,,,,,,,
,,,,,,,,,
,,,,,,,,,
,,,,,,,,,
,,,,,,,,,
,,,,,,,,,
,,,,,,,,,
,,,,,,,,,
,,,,,,,,,
,,,,,,,,,
,,,,,,,,,
,,,,,,,,,
,,,,,,,,,
,,,,,,,,,
,,,,,,,,,
,,,,,,,,,
,,,,,,,,,
,,,,,,,,,
,,,,,,,,,
,,,,,,,,,
,,,,,,,,,
,,,,,,,,,
,,,,,,,,,
,,,,,,,,,
,,,,,,,,,
,,,,,,,,,
,,,,,,,,,
,,,,,,,,,
,,,,,,,,,
,,,,,,,,,
,,,,,,,,,
,,,,,,,,,
,,,,,,,,,
,,,,,,,,,
,,,,,,,,,
,,,,,,,,,
,,,,,,,,,
,,,,,,,,,
,,,,,,,,,
,,,,,,,,,
,,,,,,,,,
,,,,,,,,,
,,,,,,,,,
,,,,,,,,,
,,,,,,,,,
,,,,,,,,,
,,,,,,,,,
,,,,,,,,,
,,,,,,,,,
,,,,,,,,,
,,,,,,,,,
,,,,,,,,,
,,,,,,,,,
,,,,,,,,,
,,,,,,,,,
,,,,,,,,,
,,,,,,,,,
,,,,,,,,,
,,,,,,,,,
,,,,,,,,,
,,,,,,,,,
,,,,,,,,,
,,,,,,,,,
,,,,,,,,,
,,,,,,,,,
,,,,,,,,,
,,,,,,,,,
,,,,,,,,,
,,,,,,,,,
,,,,,,,,,
,,,,,,,,,
,,,,,,,,,
,,,,,,,,,
,,,,,,,,,
,,,,,,,,,
,,,,,,,,,
,,,,,,,,,
,,,,,,,,,
,,,,,,,,,
,,,,,,,,,
,,,,,,,,,
,,,,,,,,,
,,,,,,,,,
,,,,,,,,,
,,,,,,,,,
,,,,,,,,,
,,,,,,,,,
,,,,,,,,,
,,,,,,,,,
,,,,,,,,,
,,,,,,,,,
,,,,,,,,,
,,,,,,,,,
,,,,,,,,,
,,,,,,,,,
,,,,,,,,,
,,,,,,,,,
,,,,,,,,,
,,,,,,,,,
,,,,,,,,,
,,,,,,,,,
,,,,,,,,,
,,,,,,,,,
,,,,,,,,,
,,,,,,,,,
,,,,,,,,,
,,,,,,,,,
,,,,,,,,,
,,,,,,,,,
,,,,,,,,,
,,,,,,,,,
,,,,,,,,,
,,,,,,,,,
,,,,,,,,,
,,,,,,,,,
,,,,,,,,,
,,,,,,,,,
,,,,,,,,,
,,,,,,,,,
,,,,,,,,,
,,,,,,,,,
,,,,,,,,,
,,,,,,,,,
,,,,,,,,,
,,,,,,,,,
,,,,,,,,,
,,,,,,,,,
,,,,,,,,,
,,,,,,,,,
,,,,,,,,,
,,,,,,,,,
,,,,,,,,,
,,,,,,,,,
,,,,,,,,,
,,,,,,,,,
,,,,,,,,,
,,,,,,,,,
,,,,,,,,,
,,,,,,,,,
,,,,,,,,,
,,,,,,,,,
,,,,,,,,,
,,,,,,,,,
,,,,,,,,,
,,,,,,,,,
,,,,,,,,,
,,,,,,,,,
,,,,,,,,,
,,,,,,,,,
,,,,,,,,,
,,,,,,,,,
,,,,,,,,,
,,,,,,,,,
,,,,,,,,,
,,,,,,,,,
,,,,,,,,,
,,,,,,,,,
,,,,,,,,,
,,,,,,,,,
,,,,,,,,,
,,,,,,,,,
,,,,,,,,,
,,,,,,,,,
,,,,,,,,,
,,,,,,,,,
,,,,,,,,,
,,,,,,,,,
,,,,,,,,,
,,,,,,,,,
,,,,,,,,,
,,,,,,,,,
,,,,,,,,,
,,,,,,,,,
,,,,,,,,,
,,,,,,,,,
,,,,,,,,,
,,,,,,,,,
,,,,,,,,,
,,,,,,,,,
,,,,,,,,,
,,,,,,,,,
,,,,,,,,,
,,,,,,,,,
,,,,,,,,,
,,,,,,,,,
,,,,,,,,,
,,,,,,,,,
,,,,,,,,,
,,,,,,,,,
,,,,,,,,,
,,,,,,,,,
,,,,,,,,,
,,,,,,,,,
,,,,,,,,,
,,,,,,,,,
,,,,,,,,,
,,,,,,,,,
,,,,,,,,,
,,,,,,,,,
,,,,,,,,,
,,,,,,,,,
,,,,,,,,,
,,,,,,,,,
,,,,,,,,,
,,,,,,,,,
,,,,,,,,,
,,,,,,,,,
,,,,,,,,,
,,,,,,,,,
,,,,,,,,,
,,,,,,,,,
,,,,,,,,,
,,,,,,,,,
,,,,,,,,,
,,,,,,,,,
,,,,,,,,,
,,,,,,,,,
,,,,,,,,,
,,,,,,,,,
,,,,,,,,,
,,,,,,,,,
,,,,,,,,,
,,,,,,,,,
,,,,,,,,,
,,,,,,,,,
,,,,,,,,,
,,,,,,,,,
,,,,,,,,,
,,,,,,,,,
,,,,,,,,,
,,,,,,,,,
,,,,,,,,,
,,,,,,,,,
,,,,,,,,,
,,,,,,,,,
,,,,,,,,,
,,,,,,,,,
,,,,,,,,,
,,,,,,,,,
,,,,,,,,,
,,,,,,,,,
,,,,,,,,,
,,,,,,,,,
,,,,,,,,,
,,,,,,,,,
,,,,,,,,,
,,,,,,,,,
,,,,,,,,,
,,,,,,,,,
,,,,,,,,,
,,,,,,,,,
,,,,,,,,,
,,,,,,,,,
,,,,,,,,,
,,,,,,,,,
,,,,,,,,,
,,,,,,,,,
,,,,,,,,,
,,,,,,,,,
,,,,,,,,,
,,,,,,,,,
,,,,,,,,,
,,,,,,,,,
,,,,,,,,,
,,,,,,,,,
,,,,,,,,,
,,,,,,,,,
,,,,,,,,,
,,,,,,,,,
,,,,,,,,,
,,,,,,,,,
,,,,,,,,,
,,,,,,,,,
,,,,,,,,,
,,,,,,,,,
,,,,,,,,,
,,,,,,,,,
,,,,,,,,,
,,,,,,,,,
,,,,,,,,,
,,,,,,,,,
,,,,,,,,,
,,,,,,,,,
,,,,,,,,,
,,,,,,,,,
,,,,,,,,,
,,,,,,,,,
,,,,,,,,,
,,,,,,,,,
,,,,,,,,,
,,,,,,,,,
,,,,,,,,,
,,,,,,,,,
,,,,,,,,,
,,,,,,,,,
,,,,,,,,,
,,,,,,,,,
,,,,,,,,,
,,,,,,,,,
,,,,,,,,,
,,,,,,,,,
,,,,,,,,,
,,,,,,,,,
,,,,,,,,,
,,,,,,,,,
,,,,,,,,,
,,,,,,,,,
,,,,,,,,,
,,,,,,,,,
,,,,,,,,,
,,,,,,,,,
,,,,,,,,,
,,,,,,,,,
,,,,,,,,,
,,,,,,,,,
,,,,,,,,,
,,,,,,,,,
,,,,,,,,,
,,,,,,,,,
,,,,,,,,,
,,,,,,,,,
,,,,,,,,,
,,,,,,,,,
,,,,,,,,,
,,,,,,,,,
,,,,,,,,,
,,,,,,,,,
,,,,,,,,,
,,,,,,,,,
,,,,,,,,,
,,,,,,,,,
,,,,,,,,,
,,,,,,,,,
,,,,,,,,,
,,,,,,,,,
,,,,,,,,,
,,,,,,,,,
,,,,,,,,,
,,,,,,,,,
,,,,,,,,,
,,,,,,,,,
,,,,,,,,,
,,,,,,,,,
,,,,,,,,,
,,,,,,,,,
,,,,,,,,,
,,,,,,,,,
,,,,,,,,,
,,,,,,,,,
,,,,,,,,,
,,,,,,,,,
,,,,,,,,,
,,,,,,,,,
,,,,,,,,,
,,,,,,,,,
,,,,,,,,,
,,,,,,,,,
,,,,,,,,,
,,,,,,,,,
,,,,,,,,,
,,,,,,,,,
,,,,,,,,,
,,,,,,,,,
,,,,,,,,,
,,,,,,,,,
,,,,,,,,,
,,,,,,,,,
,,,,,,,,,
,,,,,,,,,
,,,,,,,,,
,,,,,,,,,
,,,,,,,,,
,,,,,,,,,
,,,,,,,,,
,,,,,,,,,
,,,,,,,,,
,,,,,,,,,
,,,,,,,,,
,,,,,,,,,
,,,,,,,,,
,,,,,,,,,
,,,,,,,,,
,,,,,,,,,
,,,,,,,,,
,,,,,,,,,
,,,,,,,,,
,,,,,,,,,
,,,,,,,,,
,,,,,,,,,
,,,,,,,,,
,,,,,,,,,
,,,,,,,,,
,,,,,,,,,
,,,,,,,,,
,,,,,,,,,
,,,,,,,,,
,,,,,,,,,
,,,,,,,,,
,,,,,,,,,
,,,,,,,,,
,,,,,,,,,
,,,,,,,,,
,,,,,,,,,
,,,,,,,,,
,,,,,,,,,
,,,,,,,,,
,,,,,,,,,
,,,,,,,,,
,,,,,,,,,
,,,,,,,,,
